Jingyi,,,,Coords (top),,Coords (bottom),,,
Chart,Unit,Size,Letter,X,Y,X,Y,Height (px),Comments
1 :: Rodenstock,Decimal @ 40cm,0.1,V,847,322,759,543,221,I chose 322 as different points were 323 and 321
1 :: Rodenstock,Decimal @ 40cm,0.2,V,673,1073,713,1185,112,
1 :: Rodenstock,Decimal @ 40cm,0.25,W,724,1569,695,1660,91,
1 :: Rodenstock,Decimal @ 40cm,0.25,x,1012,1591,1012,1657,66,
1 :: Rodenstock,Decimal @ 40cm,0.25,w,2572,1585,2593,1651,66,
1 :: Rodenstock,Decimal @ 40cm,0.25,w,1331,1730,1311,1796,66,
1 :: Rodenstock,Decimal @ 40cm,0.32,W,672,2162,733,2232,70,
1 :: Rodenstock,Decimal @ 40cm,0.32,l,1349,2156,1348,2227,71,"This is a lowercase 'L', does this count as an uppercase letter?"
1 :: Rodenstock,Decimal @ 40cm,0.32,v,1365,2175,1382,2227,52,
1 :: Rodenstock,Decimal @ 40cm,0.32,w,2181,2171,2196,2224,53,
1 :: Rodenstock,Decimal @ 40cm,0.32,w,2478,2171,2492,2223,52,
1 :: Rodenstock,Decimal @ 40cm,0.4,F,683,2780,679,2836,56,
1 :: Rodenstock,Decimal @ 40cm,0.4,W,1791,2866,1807,2922,56,
1 :: Rodenstock,Decimal @ 40cm,0.4,l,2081,2772,2081,2828,56,"This is a lowercase 'L', does this count as an uppercase letter?"
1 :: Rodenstock,Decimal @ 40cm,0.4,w,1823,2974,1834,3015,41,
1 :: Rodenstock,Decimal @ 40cm,0.4,v,1053,2884,1069,2926,42,
1 :: Rodenstock,Decimal @ 40cm,0.5,T,688,3502,688,3548,46,
1 :: Rodenstock,Decimal @ 40cm,0.5,v,1218,3427,1230,3462,35,
1 :: Rodenstock,Decimal @ 40cm,0.5,x,2685,3422,2707,3456,34,
1 :: Rodenstock,Decimal @ 40cm,0.5,w,2533,3505,2503,3539,34,
1 :: Rodenstock,Decimal @ 40cm,0.63,Y,1552,3911,1564,3947,36,
1 :: Rodenstock,Decimal @ 40cm,0.63,N,1636,3970,1635,4005,35,
1 :: Rodenstock,Decimal @ 40cm,0.63,w,1096,3922,1105,3949,27,
1 :: Rodenstock,Decimal @ 40cm,0.63,v,1360,3980,1369,4006,26,
1 :: Rodenstock,Decimal @ 40cm,0.63,w,2733,3916,2741,3943,27,
1 :: Rodenstock,Decimal @ 40cm,0.8,Y,1684,4335,1694,4364,29,
1 :: Rodenstock,Decimal @ 40cm,0.8,T,821,4394,820,4423,29,
1 :: Rodenstock,Decimal @ 40cm,0.8,v,972,4346,980,4367,21,
1 :: Rodenstock,Decimal @ 40cm,0.8,w,1581,4343,1588,4364,21,
1 :: Rodenstock,Decimal @ 40cm,0.8,z,1514,4398,1517,4419,21,
2 :: Silhouette,Point,32,I,4363,810,4370,987,177,
2 :: Silhouette,Point,32,E,5140,807,5146,985,178,
2 :: Silhouette,Point,32,M,4537,1059,4351,1237,178,
2 :: Silhouette,Point,32,w,5642,864,5604,987,123,
2 :: Silhouette,Point,16,w,5133,1707,5112,1769,62,
2 :: Silhouette,Point,16,w,6030,1865,6011,1927,62,
2 :: Silhouette,Point,12,v,4681,2065,4691,2112,47,
2 :: Silhouette,Point,12,w,4358,2186,4371,2233,47,
2 :: Silhouette,Point,12,w,5725,2303,5738,2350,47,
2 :: Silhouette,Point,8,I,4319,2711,4316,2757,46,
2 :: Silhouette,Point,8,T,4867,2870,4872,2915,45,
2 :: Silhouette,Point,8,M,5017,2869,5056,2914,45,Please check this letter.
2 :: Silhouette,Point,8,w,5631,2802,5636,2834,32,
2 :: Silhouette,Point,8,w,5784,2802,5792,2833,31,
2 :: Silhouette,Point,8,v,4534,3045,4545,3077,32,
2 :: Silhouette,Point,6,L,4529,3442,4530,3477,35,
2 :: Silhouette,Point,6,T,4326,3503,4322,3537,34,
2 :: Silhouette,Point,6,I,5343,3501,5346,3535,34,
2 :: Silhouette,Point,6,v,4839,3632,4846,3656,24,
2 :: Silhouette,Point,6,v,5204,3752,5212,3776,24,
2 :: Silhouette,Point,6,w,5133,3632,5154,3656,24,
2 :: Silhouette,Point,5,L,4324,4075,4326,4103,28,
2 :: Silhouette,Point,5,W,5294,4122,5305,4151,29,
2 :: Silhouette,Point,5,I,6417,4267,6415,4295,28,
2 :: Silhouette,Point,5,v,4363,4133,4369,4152,19,
2 :: Silhouette,Point,5,v,6130,4077,6136,4097,20,
2 :: Silhouette,Point,5,w,4965,4331,4970,4351,20,
3 :: Opticare,logMAR @ 40cm,1,A,5942,1234,5874,1417,183,
3 :: Opticare,logMAR @ 40cm,1,I,4686,1515,4684,1693,178,
3 :: Opticare,logMAR @ 40cm,1,w,3828,1573,3876,1699,126,
3 :: Opticare,logMAR @ 40cm,0.9,x,4644,2342,4643,2419,77,
3 :: Opticare,logMAR @ 40cm,0.9,x,5535,2343,5574,2419,76,
3 :: Opticare,logMAR @ 40cm,0.7,F,3858,2744,3827,2835,91,
3 :: Opticare,logMAR @ 40cm,0.7,A,6374,2739,6339,2832,93,
3 :: Opticare,logMAR @ 40cm,0.7,v,5343,2914,5356,2978,64,
3 :: Opticare,logMAR @ 40cm,0.7,v,4112,2773,4129,2837,64,
3 :: Opticare,logMAR @ 40cm,0.6,A,3844,3401,3867,3470,69,
3 :: Opticare,logMAR @ 40cm,0.6,A,4335,3283,4311,3353,70,
3 :: Opticare,logMAR @ 40cm,0.6,w,4771,3306,4788,3354,48,
3 :: Opticare,logMAR @ 40cm,0.6,v,6174,3421,6186,3469,48,
3 :: Opticare,logMAR @ 40cm,0.6,v,6511,3421,6524,3469,48,
3 :: Opticare,logMAR @ 40cm,0.4,W,3864,3748,3830,3797,49,
3 :: Opticare,logMAR @ 40cm,0.4,A,6284,3745,6297,3793,48,
3 :: Opticare,logMAR @ 40cm,0.4,v,4503,3762,4492,3795,33,
3 :: Opticare,logMAR @ 40cm,0.4,w,3813,3846,3823,3879,33,
3 :: Opticare,logMAR @ 40cm,0.4,v,4929,3844,4939,3878,34,
3 :: Opticare,logMAR @ 40cm,0.3,w,4524,4149,4533,4175,26,
3 :: Opticare,logMAR @ 40cm,0.2,I,3818,4397,3811,4429,32,
3 :: Opticare,logMAR @ 40cm,0.2,v,3877,4406,3884,4429,23,
3 :: Opticare,logMAR @ 40cm,0.2,w,4058,4406,4063,4429,23,
3 :: Opticare,logMAR @ 40cm,0.2,v,4819,4405,4812,4427,22,
4 :: Varilux,N size,18,W,4301,1546,4332,1653,107,
4 :: Varilux,N size,18,N,6186,1907,6257,2014,107,
4 :: Varilux,N size,18,Y,5699,2277,5739,2385,108,
4 :: Varilux,N size,18,w,5531,1572,5604,1650,78,
4 :: Varilux,N size,18,w,6372,1935,6399,2014,79,
4 :: Varilux,N size,18,v,5025,2675,5054,2753,78,
4 :: Varilux,N size,10,K,4239,2926,4280,2988,62,
4 :: Varilux,N size,10,A,6275,2920,6251,2981,61,
4 :: Varilux,N size,10,w,5545,2939,5557,2984,45,
4 :: Varilux,N size,10,w,4498,3042,4512,3087,45,
4 :: Varilux,N size,10,w,6324,3136,6308,3180,44,
4 :: Varilux,N size,8,N,4237,3454,4239,3502,48,
4 :: Varilux,N size,8,K,6277,3446,6277,3494,48,
4 :: Varilux,N size,8,T,4828,3702,4832,3750,48,
4 :: Varilux,N size,8,v,5719,3629,5705,3665,36,
4 :: Varilux,N size,8,w,5866,3545,5874,3580,35,
4 :: Varilux,N size,8,w,5494,3546,5504,3582,36,
4 :: Varilux,N size,6,N,4232,3997,4235,4034,37,
4 :: Varilux,N size,6,T,4938,4061,4936,4098,37,
4 :: Varilux,N size,6,w,4312,4007,4305,4034,27,
4 :: Varilux,N size,6,v,5193,4004,5148,4031,27,
4 :: Varilux,N size,6,v,5698,4135,5688,4162,27,
4 :: Varilux,N size,5,W,4249,4317,4256,4348,31,
4 :: Varilux,N size,5,Y,4587,4366,4598,4397,31,
4 :: Varilux,N size,5,w,5000,4323,5007,4346,23,
4 :: Varilux,N size,5,x,5928,4319,5927,4342,23,
4 :: Varilux,N size,5,w,4312,4375,4318,4398,23,
4 :: Varilux,N size,5,w,5473,4372,5467,4394,22,
5 :: Transitions,logMAR @ 40cm,1.3,T,4521,301,4505,654,353,
5 :: Transitions,logMAR @ 40cm,1,L,4388,858,43663,1036,178,
5 :: Transitions,logMAR @ 40cm,0.9,F,4396,1456,4366,1568,112,
5 :: Transitions,logMAR @ 40cm,0.9,T,4360,1640,4377,1751,111,
5 :: Transitions,logMAR @ 40cm,0.9,L,5136,1639,5144,1750,111,
5 :: Transitions,logMAR @ 40cm,0.9,w,4947,1858,4939,1936,78,
5 :: Transitions,logMAR @ 40cm,0.7,w,4377,2400,4394,2462,62,
5 :: Transitions,logMAR @ 40cm,0.7,w,4333,2543,4359,2606,63,
5 :: Transitions,logMAR @ 40cm,0.6,T,4337,2864,4356,2932,68,
5 :: Transitions,logMAR @ 40cm,0.6,L,4820,2863,4840,2931,68,
5 :: Transitions,logMAR @ 40cm,0.6,I,5062,2863,5057,2931,68,
5 :: Transitions,logMAR @ 40cm,0.6,v,6335,2765,6348,2812,47,
5 :: Transitions,logMAR @ 40cm,0.4,T,4345,3176,4352,3222,46,
5 :: Transitions,logMAR @ 40cm,0.4,T,6476,3246,6467,3291,45,
5 :: Transitions,logMAR @ 40cm,0.4,V,4977,3325,4991,3372,47,
5 :: Transitions,logMAR @ 40cm,0.4,x,5625,3263,5639,3294,31,
5 :: Transitions,logMAR @ 40cm,0.4,v,6487,3335,6495,3367,32,
5 :: Transitions,logMAR @ 40cm,0.4,v,6410,3185,6421,3217,32,
5 :: Transitions,logMAR @ 40cm,0.3,W,4333,3572,4342,3607,35,
5 :: Transitions,logMAR @ 40cm,0.3,L,5660,3570,5656,3604,34,
5 :: Transitions,logMAR @ 40cm,0.3,E,5697,3569,5702,3604,35,
5 :: Transitions,logMAR @ 40cm,0.3,w,4510,3582,4505,3606,24,
5 :: Transitions,logMAR @ 40cm,0.3,v,5288,3582,5292,3605,23,
5 :: Transitions,logMAR @ 40cm,0.3,w,5089,3762,5097,3785,23,
5 :: Transitions,logMAR @ 40cm,0.2,T,4338,3902,4334,3931,29,
5 :: Transitions,logMAR @ 40cm,0.2,L,4529,3902,4540,3931,29,
5 :: Transitions,logMAR @ 40cm,0.2,I,4631,3902,4628,3930,28,
5 :: Transitions,logMAR @ 40cm,0.2,w,5194,4010,5213,4030,20,
5 :: Transitions,logMAR @ 40cm,0.2,x,5164,4060,5175,4080,20,
5 :: Transitions,logMAR @ 40cm,0.2,x,6335,3956,6344,3976,20,
6 :: Magnifiers Australia,N size,96,N,288,455,301,986,531,
6 :: Magnifiers Australia,N size,96,w,267,2226,408,2598,372,
6 :: Magnifiers Australia,N size,48,v,2971,3912,2922,4098,186,
6 :: Magnifiers Australia,N size,48,w,2257,4711,2305,4897,186,
6 :: Magnifiers Australia,N size,48,w,3584,4712,3662,4898,186,
6 :: Magnifiers Australia,N size,40,M,2607,5373,2595,5595,222,
6 :: Magnifiers Australia,N size,40,w,2634,6111,2606,6266,155,
6 :: Magnifiers Australia,N size,32,M,6629,671,6787,849,178,
6 :: Magnifiers Australia,N size,32,w,6771,1262,6796,1387,125,
6 :: Magnifiers Australia,N size,32,v,8980,726,9024,851,125,
6 :: Magnifiers Australia,N size,24,E,5258,1696,5234,1830,134,
6 :: Magnifiers Australia,N size,24,T,7945,1694,7914,1828,134,
6 :: Magnifiers Australia,N size,24,I,6458,2696,6477,2830,134,
6 :: Magnifiers Australia,N size,24,w,7031,1936,7114,2030,94,
6 :: Magnifiers Australia,N size,24,w,6326,1737,6301,1830,93,
6 :: Magnifiers Australia,N size,24,v,6453,1937,6475,2030,93,
6 :: Magnifiers Australia,N size,16,T,7985,3490,7992,3579,89,
6 :: Magnifiers Australia,N size,16,F,7050,4023,7010,4113,90,
6 :: Magnifiers Australia,N size,16,v,6735,3651,6757,3714,63,
6 :: Magnifiers Australia,N size,16,w,5548,3653,5536,3715,62,
6 :: Magnifiers Australia,N size,16,w,5226,3519,5253,3582,63,
6 :: Magnifiers Australia,N size,12,W,6597,4956,6582,5024,68,
6 :: Magnifiers Australia,N size,12,I,6235,4757,6228,4825,68,
6 :: Magnifiers Australia,N size,12,v,5950,4879,5966,4926,47,
6 :: Magnifiers Australia,N size,12,v,6148,4878,6132,4925,47,
6 :: Magnifiers Australia,N size,12,w,5848,4679,5838,4725,46,
6 :: Magnifiers Australia,N size,8,W,5185,5700,5202,5746,46,
6 :: Magnifiers Australia,N size,8,A,6055,5903,6067,5949,46,
6 :: Magnifiers Australia,N size,8,T,6211,5836,6211,5882,46,
6 :: Magnifiers Australia,N size,8,w,6841,6049,6831,6080,31,
6 :: Magnifiers Australia,N size,8,w,5204,6115,5214,6146,31,
6 :: Magnifiers Australia,N size,8,w,5187,5782,5197,5812,30,
6 :: Magnifiers Australia,N size,5,L,6462,6361,6477,6396,35,
6 :: Magnifiers Australia,N size,5,T,6581,6411,6581,6446,35,
6 :: Magnifiers Australia,N size,5,w,5794,6475,5815,6497,22,
6 :: Magnifiers Australia,N size,5,w,5774,6425,5771,6448,23,
6 :: Magnifiers Australia,N size,5,v,5234,6571,5241,6595,24,
7 :: Good-Lite,logMAR @ 40cm,0.7,I,5467,3569,5475,3672,103,
7 :: Good-Lite,logMAR @ 40cm,0.7,I,5473,3713,5470,3816,103,
7 :: Good-Lite,logMAR @ 40cm,0.7,I,6972,3716,6928,3820,104,
7 :: Good-Lite,logMAR @ 40cm,0.7,w,6232,3748,6214,3821,73,
7 :: Good-Lite,logMAR @ 40cm,0.7,z,7021,3605,7019,3675,70,
7 :: Good-Lite,logMAR @ 40cm,0.7,w,5594,3602,5571,3675,73,
7 :: Good-Lite,logMAR @ 40cm,0.6,I,5452,4007,5467,4090,83,
7 :: Good-Lite,logMAR @ 40cm,0.6,I,8808,4017,8809,4100,83,
7 :: Good-Lite,logMAR @ 40cm,0.6,w,8955,4043,8934,4101,58,
7 :: Good-Lite,logMAR @ 40cm,0.6,w,8049,4042,8024,4099,57,
7 :: Good-Lite,logMAR @ 40cm,0.6,w,6526,4037,6508,4094,57,
7 :: Good-Lite,logMAR @ 40cm,0.5,I,6613,4400,6629,4466,66,
7 :: Good-Lite,logMAR @ 40cm,0.5,H,5494,4396,5499,4462,66,
7 :: Good-Lite,logMAR @ 40cm,0.5,I,7965,4406,7964,4472,66,
7 :: Good-Lite,logMAR @ 40cm,0.5,w,6671,4421,6685,4467,46,
7 :: Good-Lite,logMAR @ 40cm,0.5,w,8676,4428,8691,4474,46,
7 :: Good-Lite,logMAR @ 40cm,0.5,w,9149,4429,9155,4475,46,
7 :: Good-Lite,logMAR @ 40cm,0.4,M,5933,4727,5937,4781,54,
7 :: Good-Lite,logMAR @ 40cm,0.4,F,6665,4729,6648,4782,53,
7 :: Good-Lite,logMAR @ 40cm,0.4,M,7900,4735,7900,4788,53,
7 :: Good-Lite,logMAR @ 40cm,0.4,w,5496,4741,5508,4778,37,
7 :: Good-Lite,logMAR @ 40cm,0.4,w,8520,4754,8532,4791,37,
7 :: Good-Lite,logMAR @ 40cm,0.3,W,6179,4977,6188,5021,44,
7 :: Good-Lite,logMAR @ 40cm,0.3,I,6936,4980,6940,5023,43,
7 :: Good-Lite,logMAR @ 40cm,0.3,I,7911,4985,7911,5027,42,
7 :: Good-Lite,logMAR @ 40cm,0.3,w,7319,4995,7330,5025,30,
7 :: Good-Lite,logMAR @ 40cm,0.3,w,6481,4991,6510,5021,30,
7 :: Good-Lite,logMAR @ 40cm,0.3,w,5552,4986,5562,5016,30,
7 :: Good-Lite,logMAR @ 40cm,0.2,I,5452,5177,5455,5213,36,
7 :: Good-Lite,logMAR @ 40cm,0.2,W,6559,5184,6556,5219,35,
7 :: Good-Lite,logMAR @ 40cm,0.2,A,6844,5186,6856,5220,34,
7 :: Good-Lite,logMAR @ 40cm,0.2,w,5901,5192,5894,5215,23,
7 :: Good-Lite,logMAR @ 40cm,0.2,v,5540,5189,5547,5214,25,
7 :: Good-Lite,logMAR @ 40cm,0.2,w,5508,5189,5501,5213,24,
7 :: Good-Lite,logMAR @ 40cm,0.1,w,5464,5382,5459,5401,19,
7 :: Good-Lite,logMAR @ 40cm,0.1,w,5654,5384,5660,5404,20,
7 :: Good-Lite,logMAR @ 40cm,0.1,w,6514,5389,6510,5408,19,
7 :: Good-Lite,logMAR @ 40cm,0,I,5443,5567,5446,5591,24,
7 :: Good-Lite,logMAR @ 40cm,0,w,5592,5577,5586,5592,15,
7 :: Good-Lite,logMAR @ 40cm,0,w,5961,5580,5956,5595,15,
7 :: Good-Lite,logMAR @ 40cm,0,w,6202,5581,6207,5596,15,
8.1 :: Hank Adult,N size,26,V,195,1181,255,1340,159,
8.1 :: Hank Adult,N size,26,W,1865,1726,1907,1885,159,
8.1 :: Hank Adult,N size,26,v,1906,1494,1949,1609,115,
8.1 :: Hank Adult,N size,26,v,1312,2048,1272,2164,116,
8.1 :: Hank Adult,N size,14,I,1654,2989,1655,3077,88,
8.1 :: Hank Adult,N size,14,x,405,3417,402,3481,64,
8.1 :: Hank Adult,N size,14,v,2073,3278,2094,3341,63,
8.1 :: Hank Adult,N size,14,w,885,3284,903,3347,63,
8.1 :: Hank Adult,N size,10,A,212,3909,186,3971,62,
8.1 :: Hank Adult,N size,10,T,210,4097,210,4158,61,
8.1 :: Hank Adult,N size,10,T,567,4190,561,4252,62,
8.1 :: Hank Adult,N size,10,v,715,3926,700,3971,45,
8.1 :: Hank Adult,N size,10,v,1719,4014,1702,4059,45,
8.1 :: Hank Adult,N size,10,v,442,4113,459,4158,45,
8.1 :: Hank Adult,N size,8,A,204,4697,224,4748,51,
8.1 :: Hank Adult,N size,8,w,718,4710,754,4747,37,
8.1 :: Hank Adult,N size,8,v,825,4787,837,4824,37,
8.1 :: Hank Adult,N size,8,v,913,4786,925,4824,38,
8.1 :: Hank Adult,N size,6,I,189,5373,189,5414,41,
8.1 :: Hank Adult,N size,6,T,193,5434,198,5475,41,
8.1 :: Hank Adult,N size,6,I,1760,5428,1760,5470,42,
8.1 :: Hank Adult,N size,6,w,922,5444,930,5474,30,
8.1 :: Hank Adult,N size,6,x,1167,5381,1165,5412,31,
8.1 :: Hank Adult,N size,6,v,1527,5440,1537,5470,30,
8.1 :: Hank Adult,N size,5,T,1926,5937,1919,5971,34,
8.1 :: Hank Adult,N size,5,H,2183,5986,2185,6021,35,
8.1 :: Hank Adult,N size,5,I,2526,5885,2525,5918,33,
8.1 :: Hank Adult,N size,5,w,1568,5998,1575,6023,25,
8.1 :: Hank Adult,N size,5,w,646,5902,652,5927,25,
8.1 :: Hank Adult,N size,5,w,184,6002,191,6027,25,
8.1 :: Hank Adult,N size,4,I,1406,6447,1405,6475,28,
8.1 :: Hank Adult,N size,4,v,1344,6373,1339,6393,20,
8.1 :: Hank Adult,N size,4,v,1229,6373,1235,6393,20,
8.1 :: Hank Adult,N size,4,x,940,6375,939,6395,20,
8.2 :: Hank Children,N size,26,I,241,1929,235,2088,159,
8.2 :: Hank Children,N size,26,w,1612,1665,1644,1781,116,
8.2 :: Hank Children,N size,14,K,1702,2498,1646,2586,88,
8.2 :: Hank Children,N size,14,I,833,2637,831,2726,89,
8.2 :: Hank Children,N size,14,W,213,3039,238,3127,88,
8.2 :: Hank Children,N size,14,x,686,2662,729,2726,64,
8.2 :: Hank Children,N size,14,v,1339,2658,1360,2721,63,
8.2 :: Hank Children,N size,14,w,1822,2654,1836,2718,64,
8.2 :: Hank Children,N size,12,I,222,3514,223,3586,72,
8.2 :: Hank Children,N size,12,I,1865,3504,1868,3577,73,
8.2 :: Hank Children,N size,12,T,251,3844,239,3917,73,
8.2 :: Hank Children,N size,12,w,1583,3966,1598,4019,53,
8.2 :: Hank Children,N size,12,w,1908,3633,1955,3687,54,
8.2 :: Hank Children,N size,12,v,591,3532,572,3585,53,
8.2 :: Hank Children,N size,10,I,223,4454,222,4517,63,
8.2 :: Hank Children,N size,10,I,1413,4448,1413,4510,62,
8.2 :: Hank Children,N size,10,W,472,4641,454,4703,62,
8.2 :: Hank Children,N size,10,v,1925,4462,1939,4507,45,
8.2 :: Hank Children,N size,10,w,835,4470,845,4514,44,
8.2 :: Hank Children,N size,10,w,649,4470,635,4516,46,
8.2 :: Hank Children,N size,6,T,228,5376,230,5418,42,
8.2 :: Hank Children,N size,6,T,1797,5367,1793,5409,42,
8.2 :: Hank Children,N size,6,T,982,5496,973,5538,42,
8.2 :: Hank Children,N size,6,v,249,5571,260,5602,31,
8.2 :: Hank Children,N size,6,v,484,5447,494,5478,31,
8.2 :: Hank Children,N size,6,w,466,5386,441,5417,31,
8.2 :: Hank Children,N size,5,V,242,5919,230,5954,35,
8.2 :: Hank Children,N size,5,F,2003,5910,1987,5944,34,
8.2 :: Hank Children,N size,5,H,1965,6010,1963,6045,35,
8.2 :: Hank Children,N size,5,w,2029,5969,2035,5994,25,
8.2 :: Hank Children,N size,5,w,1372,6023,1367,6049,26,
8.2 :: Hank Children,N size,5,z,1032,5925,1030,5950,25,
8.2 :: Hank Children,N size,4,I,221,6419,221,6447,28,
8.2 :: Hank Children,N size,4,A,1620,6453,1611,6481,28,
8.2 :: Hank Children,N size,4,A,738,6500,728,6529,29,
8.2 :: Hank Children,N size,4,w,1823,6459,1840,6480,21,
8.2 :: Hank Children,N size,4,v,575,6467,581,6487,20,
8.2 :: Hank Children,N size,4,v,580,6426,573,6446,20,
9 :: Optimed,N size,36,T,1144,511,1184,710,199,
9 :: Optimed,N size,36,T,3164,510,3135,709,199,
9 :: Optimed,N size,36,E,3257,510,3260,709,199,
9 :: Optimed,N size,36,x,1501,575,1486,710,135,
9 :: Optimed,N size,24,I,1289,1044,1272,1177,133,
9 :: Optimed,N size,24,L,1587,1044,1621,1177,133,
9 :: Optimed,N size,24,A,1760,1041,1804,1177,136,
9 :: Optimed,N size,24,v,2620,1085,2639,1178,93,
9 :: Optimed,N size,18,L,1116,1519,1137,1619,100,
9 :: Optimed,N size,18,A,1252,1517,1271,1619,102,
9 :: Optimed,N size,18,E,1559,1519,1586,1619,100,
9 :: Optimed,N size,18,v,2942,1724,2968,1794,70,
9 :: Optimed,N size,14,A,3169,2207,3188,2286,79,
9 :: Optimed,N size,14,L,3229,2208,3246,2286,78,
9 :: Optimed,N size,14,T,3114,2208,3081,2287,79,
9 :: Optimed,N size,14,w,1840,2399,1856,2453,54,
9 :: Optimed,N size,14,w,2307,2092,3224,2147,55,
9 :: Optimed,N size,12,v,1825,2740,1842,2787,47,
9 :: Optimed,N size,12,v,2778,2739,2794,2786,47,
9 :: Optimed,N size,12,w,3262,2738,3272,2785,47,
9 :: Optimed,N size,10,N,1101,3329,1103,3385,56,
9 :: Optimed,N size,10,v,1209,3346,1220,3385,39,
9 :: Optimed,N size,10,z,1599,3346,1599,3385,39,
9 :: Optimed,N size,10,z,2010,3445,2007,3484,39,
9 :: Optimed,N size,8,T,1122,3858,1109,3903,45,
9 :: Optimed,N size,8,w,1305,3872,1314,3903,31,
9 :: Optimed,N size,8,v,2810,3870,2817,3902,32,
9 :: Optimed,N size,8,z,3059,3870,3067,3902,32,
9 :: Optimed,N size,6,T,1104,4355,1102,4389,34,
9 :: Optimed,N size,6,I,2089,4354,2083,4389,35,
9 :: Optimed,N size,6,z,1566,4366,1574,4389,23,
9 :: Optimed,N size,6,v,2718,4365,2726,4389,24,
9 :: Optimed,N size,6,v,2514,4510,2507,4534,24,
9 :: Optimed,N size,5,z,1406,4798,1400,4817,19,
9 :: Optimed,N size,5,x,2134,4797,2142,4817,20,
9 :: Optimed,N size,5,v,2512,4797,2505,4816,19,
9 :: Optimed,N size,4,z,1334,5217,1332,5234,17,
9 :: Optimed,N size,4,x,2805,5216,2796,5232,16,
9 :: Optimed,N size,4,w,3268,5215,3274,5230,15,
10 :: Sussex Vision,N size,48,v,2345,2158,2415,2344,186,
10 :: Sussex Vision,N size,36,v,2760,947,2824,1085,138,
10 :: Sussex Vision,N size,24,v,2594,5494,2559,5587,93,
10 :: Sussex Vision,N size,24,w,3224,5491,3264,5584,93,
10 :: Sussex Vision,N size,24,w,3420,5261,3442,5354,93,
10 :: Sussex Vision,N size,18,W,1229,4502,1250,4605,103,
10 :: Sussex Vision,N size,18,W,3301,4494,3327,4597,103,
10 :: Sussex Vision,N size,18,v,2806,4874,2833,4943,69,
10 :: Sussex Vision,N size,18,v,1923,4876,1938,4946,70,
10 :: Sussex Vision,N size,18,w,2336,4530,2315,4599,69,
10 :: Sussex Vision,N size,14,H,1220,4026,1262,4104,78,
10 :: Sussex Vision,N size,14,T,2101,4022,2095,4101,79,
10 :: Sussex Vision,N size,14,T,2245,3888,2253,3966,78,
10 :: Sussex Vision,N size,14,v,3058,4179,3079,4233,54,
10 :: Sussex Vision,N size,14,w,1385,4051,1371,4105,54,
10 :: Sussex Vision,N size,14,w,2808,4180,2827,4234,54,
10 :: Sussex Vision,N size,12,T,1240,3252,1235,3319,67,
10 :: Sussex Vision,N size,12,A,1240,3365,1260,3434,69,
10 :: Sussex Vision,N size,12,T,1229,3480,1238,3548,68,
10 :: Sussex Vision,N size,12,w,2877,3497,2887,3544,47,
10 :: Sussex Vision,N size,12,w,3526,3493,3520,3541,48,
10 :: Sussex Vision,N size,12,v,3261,3610,3271,3658,48,
10 :: Sussex Vision,N size,10,H,1247,2685,1212,2742,57,
10 :: Sussex Vision,N size,10,w,1816,2795,1824,2836,41,
10 :: Sussex Vision,N size,10,v,1457,2702,1473,2742,40,
10 :: Sussex Vision,N size,10,w,1360,2702,1326,2742,40,
10 :: Sussex Vision,N size,8,A,2713,2186,2721,2233,47,
10 :: Sussex Vision,N size,8,v,3079,2429,3067,2461,32,
10 :: Sussex Vision,N size,8,v,1404,2206,1415,2238,32,
10 :: Sussex Vision,N size,8,w,1277,2207,1269,2239,32,
10 :: Sussex Vision,N size,6,H,1239,1701,1220,1736,35,
10 :: Sussex Vision,N size,6,T,2718,1696,2715,1730,34,
10 :: Sussex Vision,N size,6,W,1216,1874,1225,1909,35,
10 :: Sussex Vision,N size,6,v,3199,1819,3209,1843,24,
10 :: Sussex Vision,N size,6,w,2382,1707,2390,1731,24,
10 :: Sussex Vision,N size,6,w,1276,1712,1295,1735,23,
10 :: Sussex Vision,N size,5,N,1214,1259,1215,1289,30,
10 :: Sussex Vision,N size,5,I,2851,1254,2849,1284,30,
10 :: Sussex Vision,N size,5,H,1476,1403,1493,1431,28,
10 :: Sussex Vision,N size,5,v,1358,1412,1363,1432,20,
10 :: Sussex Vision,N size,5,v,1235,1364,1240,1385,21,
10 :: Sussex Vision,N size,5,w,1328,1268,1345,1288,20,
10 :: Sussex Vision,N size,4,T,1244,893,1237,915,22,
10 :: Sussex Vision,N size,4,T,1437,854,1436,877,23,
10 :: Sussex Vision,N size,4,V,1968,890,1975,913,23,
10 :: Sussex Vision,N size,4,v,2056,935,2050,951,16,
10 :: Sussex Vision,N size,4,v,2347,934,2350,951,17,
10 :: Sussex Vision,N size,4,x,3196,816,3204,833,17,
11 :: Hoya,N size,20,A,3673,1556,3631,1669,113,
11 :: Hoya,N size,20,v,4163,1781,4192,1865,84,
11 :: Hoya,N size,20,w,3757,1584,3783,1668,84,
11 :: Hoya,N size,15,w,5530,2284,5548,2347,63,
11 :: Hoya,N size,15,w,5470,2435,5488,2498,63,
11 :: Hoya,N size,15,w,3884,2446,3901,2509,63,
11 :: Hoya,N size,10,W,4071,3103,4085,3161,58,
11 :: Hoya,N size,10,w,4313,3116,4301,3159,43,
11 :: Hoya,N size,8,Y,5803,3563,5787,3609,46,
11 :: Hoya,N size,8,A,6075,3482,6089,3527,45,
11 :: Hoya,N size,8,w,5246,3500,5254,3534,34,
11 :: Hoya,N size,8,z,3949,3670,3944,3703,33,
11 :: Hoya,N size,8,w,3832,3510,3860,3543,33,
11 :: Hoya,N size,6,H,3634,3925,3634,3960,35,
11 :: Hoya,N size,6,Y,3713,3925,3702,3959,34,
11 :: Hoya,N size,6,A,3726,3924,3715,3959,35,
11 :: Hoya,N size,6,w,3882,3931,3094,3958,27,
11 :: Hoya,N size,6,w,3786,3992,3793,4018,26,
11 :: Hoya,N size,6,v,5265,3982,5258,4008,26,
11 :: Hoya,N size,5,H,3634,4282,3650,4310,28,
11 :: Hoya,N size,5,Y,3699,4281,3691,4309,28,
11 :: Hoya,N size,5,A,3709,4281,3701,4309,28,
11 :: Hoya,N size,5,v,4314,4283,4306,4305,22,
11 :: Hoya,N size,5,w,5162,4327,5159,4349,22,
11 :: Hoya,N size,5,v,4795,4330,4789,4351,21,
12 :: PolyU,M size,1.25,T,2950,3439,2965,3495,56,
12 :: PolyU,M size,1.25,T,4282,3445,4287,3501,56,
12 :: PolyU,M size,1.25,w,3606,3365,3620,3403,38,
12 :: PolyU,M size,1.25,v,3616,3556,3627,3595,39,
12 :: PolyU,M size,1.25,v,3355,3459,3367,3498,39,
12 :: PolyU,M size,1,H,4130,2865,4160,2915,50,
12 :: PolyU,M size,1,w,4233,2881,4246,2915,34,
12 :: PolyU,M size,1,w,3758,2961,3770,2995,34,
12 :: PolyU,M size,1,w,3230,2958,3241,2992,34,
12 :: PolyU,M size,0.8,A,4097,2607,4111,2646,39,
12 :: PolyU,M size,0.8,v,4241,2555,4234,2583,28,
12 :: PolyU,M size,0.8,w,4077,2489,4085,2516,27,
12 :: PolyU,M size,0.8,w,3046,2419,3039,2446,27,
12 :: PolyU,M size,0.63,A,4228,2208,4238,2237,29,
12 :: PolyU,M size,0.63,H,3932,2061,3953,2091,30,
12 :: PolyU,M size,0.63,w,3449,2262,3447,2282,20,
12 :: PolyU,M size,0.63,w,3838,2167,3846,2187,20,
12 :: PolyU,M size,0.63,v,3215,2164,3245,2184,20,
12 :: PolyU,M size,0.5,H,3513,1902,3513,1925,23,
12 :: PolyU,M size,0.5,v,3389,1908,3392,1923,15,
12 :: PolyU,M size,0.5,w,4115,1804,4117,1819,15,
12 :: PolyU,M size,0.5,w,3845,1803,3841,1818,15,
12 :: PolyU,M size,0.4,H,3308,1555,3306,1575,20,
12 :: PolyU,M size,0.4,H,33385,1588,3392,1606,18,
12 :: PolyU,M size,0.4,T,3492,1683,3494,1703,20,
12 :: PolyU,M size,0.4,w,3670,1595,3679,1608,13,
12 :: PolyU,M size,0.4,w,3405,1562,3409,1575,13,
12 :: PolyU,M size,0.4,w,3338,1561,3342,1574,13,
13 :: HKSPO,M size,1.25,A,4426,3237,4447,3294,57,
13 :: HKSPO,M size,1.25,H,5891,3338,5894,3395,57,
13 :: HKSPO,M size,1.25,L,4701,3438,4716,3494,56,
13 :: HKSPO,M size,1.25,w,5601,3456,5608,3495,39,
13 :: HKSPO,M size,1.25,v,5057,3455,5066,3495,40,
13 :: HKSPO,M size,1.25,v,5113,3355,5123,3395,40,
13 :: HKSPO,M size,1,K,5815,2765,5834,2811,46,
13 :: HKSPO,M size,1,H,5644,2765,5673,2811,46,
13 :: HKSPO,M size,1,A,4828,2930,4840,2977,47,
13 :: HKSPO,M size,1,v,5921,2863,5930,2895,32,
13 :: HKSPO,M size,1,v,4903,2862,4914,2894,32,
13 :: HKSPO,M size,1,v,4562,2946,4568,2978,32,
13 :: HKSPO,M size,0.8,T,4559,2320,4562,2356,36,
13 :: HKSPO,M size,0.8,H,4650,2319,4646,2356,37,
13 :: HKSPO,M size,0.8,K,4781,2319,4806,2355,36,
13 :: HKSPO,M size,0.8,v,5836,2532,5842,2557,25,
13 :: HKSPO,M size,0.8,v,5245,2531,5252,2557,26,
13 :: HKSPO,M size,0.8,w,4865,2464,4874,2489,25,
13 :: HKSPO,M size,0.63,H,5442,1859,5458,1889,30,
13 :: HKSPO,M size,0.63,A,5735,2005,5740,2035,30,
13 :: HKSPO,M size,0.63,w,5549,1917,5556,1938,21,
13 :: HKSPO,M size,0.63,w,5149,1965,5142,1985,20,
13 :: HKSPO,M size,0.63,v,4742,1965,4750,1986,21,
13 :: HKSPO,M size,0.5,H,5027,1710,5027,1734,24,
13 :: HKSPO,M size,0.5,w,5432,1682,5436,1698,16,
13 :: HKSPO,M size,0.5,w,5092,1681,5096,1698,17,
13 :: HKSPO,M size,0.5,w,4806,1609,4802,1626,17,
13 :: HKSPO,M size,0.4,H,4807,1373,4806,1394,21,
13 :: HKSPO,M size,0.4,T,5003,1500,5004,1521,21,
13 :: HKSPO,M size,0.4,H,4905,1405,4895,1425,20,
13 :: HKSPO,M size,0.4,v,5092,1443,5088,1457,14,
13 :: HKSPO,M size,0.4,w,5187,1411,5192,1425,14,
13 :: HKSPO,M size,0.4,w,4849,1379,4852,1393,14,
14 :: Evans Instruments,N size,12,w,5553,3682,5570,3733,51,
14 :: Evans Instruments,N size,12,v,5078,3687,5093,3738,51,
14 :: Evans Instruments,N size,12,v,4067,3699,4082,3750,51,
14 :: Evans Instruments,N size,10,N,4882,3099,4884,3156,57,
14 :: Evans Instruments,N size,10,x,5622,3109,5617,3149,40,
14 :: Evans Instruments,N size,10,z,5346,3112,5357,3151,39,
14 :: Evans Instruments,N size,10,v,5011,3115,4998,3155,40,
14 :: Evans Instruments,N size,8,T,3202,3072,3204,3122,50,
14 :: Evans Instruments,N size,8,w,3400,3085,3410,3120,35,
14 :: Evans Instruments,N size,8,v,3944,3152,3935,3187,35,
14 :: Evans Instruments,N size,8,z,4215,3149,4206,3184,35,
14 :: Evans Instruments,N size,6,T,4890,2623,4886,2663,40,
14 :: Evans Instruments,N size,6,I,6010,2610,6012,2650,40,
14 :: Evans Instruments,N size,6,v,5523,2861,5524,2889,28,
14 :: Evans Instruments,N size,6,v,5540,2687,5550,2715,28,
14 :: Evans Instruments,N size,6,z,5428,2630,5429,2658,28,
14 :: Evans Instruments,N size,5,x,3308,2698,3308,2725,27,
14 :: Evans Instruments,N size,5,z,3568,2645,3573,2671,26,
14 :: Evans Instruments,N size,5,v,3783,2692,3776,2718,26,
15 :: Howell,N size,7,H,2064,850,2067,889,39,
15 :: Howell,N size,7,H,2765,911,2788,951,40,
15 :: Howell,N size,7,T,4075,921,4078,961,40,
15 :: Howell,N size,7,w,2595,867,2604,894,27,
15 :: Howell,N size,7,w,2390,865,2384,892,27,
15 :: Howell,N size,7,v,2212,864,2221,890,26,
16 :: Takagi,Decimal @ 40cm,0.2,A,3333,1544,3373,1647,103,
16 :: Takagi,Decimal @ 40cm,0.3,w,3622,1772,3599,1821,49,
16 :: Takagi,Decimal @ 40cm,0.3,w,3859,1768,3842,1817,49,
16 :: Takagi,Decimal @ 40cm,0.4,E,3365,1052,3377,1104,52,
16 :: Takagi,Decimal @ 40cm,0.4,w,3993,1157,4004,1194,37,
16 :: Takagi,Decimal @ 40cm,0.4,w,3744,1068,3728,1105,37,
16 :: Takagi,Decimal @ 40cm,0.4,v,3394,1067,3410,1104,37,
16 :: Takagi,Decimal @ 40cm,0.5,T,3378,1353,3393,1396,43,
16 :: Takagi,Decimal @ 40cm,0.5,H,4062,1354,4035,1397,43,
16 :: Takagi,Decimal @ 40cm,0.5,w,3841,1437,3831,1466,29,
16 :: Takagi,Decimal @ 40cm,0.5,w,3316,1507,3302,1537,30,
16 :: Takagi,Decimal @ 40cm,0.5,w,3571,1366,3562,1395,29,
16 :: Takagi,Decimal @ 40cm,0.6,H,3504,1602,3485,1638,36,
16 :: Takagi,Decimal @ 40cm,1,w,3742,2033,3736,2049,16,
16 :: Takagi,Decimal @ 40cm,1,w,3715,2074,3710,2089,15,
16 :: Takagi,Decimal @ 40cm,1,w,3641,2074,3634,2089,15,
17 :: Shamir,M size,4,L,4111,1235,4149,1417,182,
17 :: Shamir,M size,4,I,3030,1237,3035,1419,182,
17 :: Shamir,M size,2,A,3514,1797,3477,1888,91,
17 :: Shamir,M size,2,W,3753,1796,3778,1887,91,
17 :: Shamir,M size,2,T,4098,1794,4097,1886,92,
17 :: Shamir,M size,2,w,3227,2099,3249,2171,72,
17 :: Shamir,M size,2,w,4582,1954,4559,2026,72,
17 :: Shamir,M size,1.25,A,3319,2504,3293,2560,56,
17 :: Shamir,M size,1.25,w,4273,2713,4316,2757,44,
17 :: Shamir,M size,1.25,v,3357,2616,3374,2661,45,
17 :: Shamir,M size,1.25,v,3864,2615,3846,2659,44,
17 :: Shamir,M size,1,A,3012,3166,2996,3213,47,
17 :: Shamir,M size,1,I,3354,3166,3352,3214,48,
17 :: Shamir,M size,1,T,3431,3167,3417,3214,47,
17 :: Shamir,M size,1,w,2997,3251,3009,3287,36,
17 :: Shamir,M size,0.8,W,2995,3585,3006,3622,37,
17 :: Shamir,M size,0.8,A,4105,3583,4091,3618,35,
17 :: Shamir,M size,0.8,I,4366,3583,4368,3620,37,
17 :: Shamir,M size,0.8,v,4005,3658,4014,3687,29,
17 :: Shamir,M size,0.8,v,3079,3661,3087,3689,28,
17 :: Shamir,M size,0.63,E,3164,4037,3162,4067,30,
17 :: Shamir,M size,0.63,T,3380,4036,3385,4066,30,
17 :: Shamir,M size,0.63,A,3645,4036,3632,4066,30,
17 :: Shamir,M size,0.63,v,4186,4141,4198,4165,24,
17 :: Shamir,M size,0.63,z,3906,4141,3908,4164,23,
17 :: Shamir,M size,0.63,v,3821,4091,3811,4115,24,
17 :: Shamir,M size,0.5,v,3595,4485,3588,4502,17,
17 :: Shamir,M size,0.5,v,4054,4484,4047,4501,17,
17 :: Shamir,M size,0.5,x,4285,4516,4284,4534,18,
18 :: personalEYES,N size,36,T,1285,1057,1233,1254,197,
18 :: personalEYES,N size,36,T,3207,1073,3177,1271,198,
18 :: personalEYES,N size,36,E,3348,1074,3409,1273,199,
18 :: personalEYES,N size,36,x,1604,1121,1611,1257,136,
18 :: personalEYES,N size,24,I,1337,1592,1341,1728,136,
18 :: personalEYES,N size,24,L,1623,1594,1654,1730,136,
18 :: personalEYES,N size,24,Y,1930,1596,1962,1732,136,
18 :: personalEYES,N size,24,v,2651,1645,2686,1739,94,
18 :: personalEYES,N size,18,L,1175,2070,1193,2172,102,
18 :: personalEYES,N size,18,A,1294,2069,1315,2173,104,
18 :: personalEYES,N size,18,E,1621,2073,1641,2174,101,
18 :: personalEYES,N size,18,v,3040,2293,3021,2363,70,
18 :: personalEYES,N size,14,I,3094,2780,3098,2858,78,
18 :: personalEYES,N size,14,T,3129,2780,3155,2859,79,
18 :: personalEYES,N size,14,L,3283,2781,3315,2861,80,
18 :: personalEYES,N size,14,w,3268,2665,3251,2718,53,
18 :: personalEYES,N size,12,v,1886,3301,1895,3348,47,
18 :: personalEYES,N size,12,v,2867,3309,2851,3356,47,
18 :: personalEYES,N size,12,w,3320,3314,3307,3359,45,
18 :: personalEYES,N size,10,N,1192,3887,1195,3945,58,
18 :: personalEYES,N size,10,x,1953,3911,1945,3950,39,
18 :: personalEYES,N size,10,z,1660,3908,1655,3948,40,
18 :: personalEYES,N size,10,z,2056,4011,2066,4051,40,
18 :: personalEYES,N size,8,T,1176,4416,1171,4462,46,
18 :: personalEYES,N size,8,w,1341,4431,1653,4462,31,
18 :: personalEYES,N size,8,z,3115,4442,3126,4475,33,
18 :: personalEYES,N size,8,v,2363,4625,2372,4656,31,
18 :: personalEYES,N size,6,T,1161,4919,1158,4954,35,
18 :: personalEYES,N size,6,I,2142,4924,2142,4960,36,
18 :: personalEYES,N size,6,v,2795,4939,2788,4963,24,
18 :: personalEYES,N size,6,z,1632,4932,1630,4957,25,
18 :: personalEYES,N size,6,v,2559,5082,2567,5108,26,
18 :: personalEYES,N size,5,z,1461,5366,1462,5388,22,
18 :: personalEYES,N size,5,x,2194,5371,2205,5392,21,
18 :: personalEYES,N size,5,v,2559,5373,2564,5393,20,
18 :: personalEYES,N size,4,z,1391,5792,1399,5809,17,
18 :: personalEYES,N size,4,w,2761,5800,2763,5815,15,
18 :: personalEYES,N size,4,x,2870,5800,2870,5818,18,
,,,,,,,,,
,,,,,,,,,
,,,,,,,,,
,,,,,,,,,
,,,,,,,,,
,,,,,,,,,
,,,,,,,,,
,,,,,,,,,
,,,,,,,,,
,,,,,,,,,
,,,,,,,,,
,,,,,,,,,
,,,,,,,,,
,,,,,,,,,
,,,,,,,,,
,,,,,,,,,
,,,,,,,,,
,,,,,,,,,
,,,,,,,,,
,,,,,,,,,
,,,,,,,,,
,,,,,,,,,
,,,,,,,,,
,,,,,,,,,
,,,,,,,,,
,,,,,,,,,
,,,,,,,,,
,,,,,,,,,
,,,,,,,,,
,,,,,,,,,
,,,,,,,,,
,,,,,,,,,
,,,,,,,,,
,,,,,,,,,
,,,,,,,,,
,,,,,,,,,
,,,,,,,,,
,,,,,,,,,
,,,,,,,,,
,,,,,,,,,
,,,,,,,,,
,,,,,,,,,
,,,,,,,,,
,,,,,,,,,
,,,,,,,,,
,,,,,,,,,
,,,,,,,,,
,,,,,,,,,
,,,,,,,,,
,,,,,,,,,
,,,,,,,,,
,,,,,,,,,
,,,,,,,,,
,,,,,,,,,
,,,,,,,,,
,,,,,,,,,
,,,,,,,,,
,,,,,,,,,
,,,,,,,,,
,,,,,,,,,
