Myra,,,,Coords (top),,Coords (bottom),,,,
Chart,Unit,Size,Letter,X,Y,X,Y,Height (px),Comments,Chart type
15 :: Howell,N size,7,H,2766,911,2765,950,39,,Scanned
15 :: Howell,N size,7,H,3533,972,3534,1011,39,,Scanned
15 :: Howell,N size,7,T,4075,921,4078,960,39,Taken the majority of the highest points (because there is one extra pixel at the top and bottom),Scanned
15 :: Howell,N size,7,w,3713,876,3718,902,26,,Scanned
15 :: Howell,N size,7,v,2366,1028,2371,1054,26,,Scanned
15 :: Howell,N size,7,w,4052,1097,4056,1122,25,,Scanned
15.2 :: Howell,N size,4,,,,,,,No appropriate letters,Scanned
15.2 :: Howell,N size,4,v,1076,266,1082,289,23,,Scanned
15.2 :: Howell,N size,4,z,1148,266,1147,290,24,,Scanned
15.2 :: Howell,N size,6,,,,,,,No appropriate letters,Scanned
15.2 :: Howell,N size,9,z,1064,369,1076,410,41,,Scanned
15.2 :: Howell,N size,12,,,,,,,No appropriate letters,Scanned
15.2 :: Howell,N size,18,,,,,,,No appropriate letters,Scanned
15.2 :: Howell,N size,24,,,,,,,No appropriate letters,Scanned
13 :: HKSPO,M size,0.4,w,4847,1379,4851,1392,13,,Scanned
13 :: HKSPO,M size,0.4,v,4813,1443,4808,1456,13,,Scanned
13 :: HKSPO,M size,0.4,w,4852,1474,4850,1487,13,,Scanned
13 :: HKSPO,M size,0.4,H,4806,1373,4807,1393,20,,Scanned
13 :: HKSPO,M size,0.4,T,5003,1500,5003,1520,20,,Scanned
13 :: HKSPO,M size,0.4,H,4894,1405,4891,1425,20,,Scanned
13 :: HKSPO,M size,0.5,w,4805,1609,4801,1625,16,,Scanned
13 :: HKSPO,M size,0.5,w,5092,1681,5095,1697,16,,Scanned
13 :: HKSPO,M size,0.5,v,4898,1717,4902,1733,16,,Scanned
13 :: HKSPO,M size,0.5,H,5027,1710,5027,1733,23,,Scanned
13 :: HKSPO,M size,0.63,H,5440,1859,5457,1888,29,,Scanned
13 :: HKSPO,M size,0.63,A,5733,2005,5725,2034,29,,Scanned
13 :: HKSPO,M size,0.63,w,5549,1917,5555,1937,20,,Scanned
13 :: HKSPO,M size,0.63,v,4743,1965,4749,1985,20,,Scanned
13 :: HKSPO,M size,0.63,w,4947,2061,4951,2081,20,,Scanned
13 :: HKSPO,M size,0.8,H,4647,2319,4647,2355,36,,Scanned
13 :: HKSPO,M size,0.8,K,4778,2319,4777,2355,36,,Scanned
13 :: HKSPO,M size,0.8,I,4825,2453,4825,2488,35,,Scanned
13 :: HKSPO,M size,0.8,v,5324,2397,5315,2422,25,,Scanned
13 :: HKSPO,M size,0.8,w,4867,2464,4873,2488,24,,Scanned
13 :: HKSPO,M size,0.8,v,5245,2531,5251,2556,25,,Scanned
13 :: HKSPO,M size,1,H,5646,2765,5646,2810,45,,Scanned
13 :: HKSPO,M size,1,A,4826,2930,4833,2976,46,,Scanned
13 :: HKSPO,M size,1,I,5715,3015,5715,3060,45,,Scanned
13 :: HKSPO,M size,1,v,5921,2863,5929,2894,31,,Scanned
13 :: HKSPO,M size,1,v,4558,2946,4567,2977,31,,Scanned
13 :: HKSPO,M size,1,v,4554,3029,4563,3060,31,,Scanned
13 :: HKSPO,M size,1.25,A,4425,3237,4440,3293,56,,Scanned
13 :: HKSPO,M size,1.25,H,5858,3338,5860,3394,56,,Scanned
13 :: HKSPO,M size,1.25,L,4701,3438,4710,3493,55,,Scanned
13 :: HKSPO,M size,1.25,v,5113,3355,5123,3394,39,,Scanned
13 :: HKSPO,M size,1.25,v,5054,3455,5065,3494,39,,Scanned
13 :: HKSPO,M size,1.25,w,5575,3456,5584,3494,38,,Scanned
16 :: Takagi,Decimal @ 40cm,1,w,3731,2033,3736,2048,15,Unclear ,Scanned
16 :: Takagi,Decimal @ 40cm,1,w,3629,2073,3633,2088,15,,Scanned
16 :: Takagi,Decimal @ 40cm,1,w,3782,2074,3786,2088,14,,Scanned
16 :: Takagi,Decimal @ 40cm,0.7,,,,,,,No appropriate letters,Scanned
16 :: Takagi,Decimal @ 40cm,0.6,H,3482,1602,3483,1638,36,,Scanned
16 :: Takagi,Decimal @ 40cm,0.5,T,3381,1353,3390,1395,42,,Scanned
16 :: Takagi,Decimal @ 40cm,0.5,H,4033,1354,4035,1396,42,,Scanned
16 :: Takagi,Decimal @ 40cm,0.5,w,3572,1366,3582,1394,28,,Scanned
16 :: Takagi,Decimal @ 40cm,0.5,w,3686,1437,3678,1465,28,,Scanned
16 :: Takagi,Decimal @ 40cm,0.5,w,3444,1507,3452,1536,29,,Scanned
16 :: Takagi,Decimal @ 40cm,0.4,E,3364,1052,3377,1103,51,,Scanned
16 :: Takagi,Decimal @ 40cm,0.4,v,3394,1067,3408,1103,36,,Scanned
16 :: Takagi,Decimal @ 40cm,0.4,w,3991,1157,4002,1194,37,,Scanned
16 :: Takagi,Decimal @ 40cm,0.4,v,3644,1244,3660,1280,36,,Scanned
17 :: Shamir,M size,0.5,v,3776,4484,3781,4501,17,,Scanned
17 :: Shamir,M size,0.5,w,3677,4517,3681,4535,18,,Scanned
17 :: Shamir,M size,0.5,v,3466,4552,3473,4570,18,,Scanned
17 :: Shamir,M size,0.63,E,3164,4036,3165,4066,30,,Scanned
17 :: Shamir,M size,0.63,T,3378,4036,3385,4066,30,,Scanned
17 :: Shamir,M size,0.63,A,3644,4036,3656,4065,29,,Scanned
17 :: Shamir,M size,0.63,v,3867,4041,3860,4064,23,"advanced is missing an ""a""",Scanned
17 :: Shamir,M size,0.63,v,3819,4091,3811,4115,24,,Scanned
17 :: Shamir,M size,0.63,z,3904,4141,3910,4164,23,,Scanned
17 :: Shamir,M size,0.8,W,2992,3585,3027,3621,36,,Scanned
17 :: Shamir,M size,0.8,I,4364,3583,4366,3619,36,,Scanned
17 :: Shamir,M size,0.8,V,2992,3719,3004,3754,35,,Scanned
17 :: Shamir,M size,0.8,v,3076,3661,3084,3688,27,,Scanned
17 :: Shamir,M size,0.8,x,3966,3725,3965,3753,28,,Scanned
17 :: Shamir,M size,0.8,v,4003,3658,4012,3686,28,,Scanned
17 :: Shamir,M size,1,A,3010,3166,2994,3212,46,,Scanned
17 :: Shamir,M size,1,I,3352,3166,3350,3213,47,,Scanned
17 :: Shamir,M size,1,T,3421,3167,3414,3213,46,,Scanned
17 :: Shamir,M size,1,w,2995,3251,3005,3287,36,,Scanned
17 :: Shamir,M size,1.25,A,3316,2504,3293,2560,56,,Scanned
17 :: Shamir,M size,1.25,v,3355,2616,3372,2660,44,,Scanned
17 :: Shamir,M size,1.25,v,3829,2614,3845,2658,44,,Scanned
17 :: Shamir,M size,1.25,w,4274,2713,4287,2757,44,,Scanned
17 :: Shamir,M size,2,A,3512,1797,3477,1888,91,,Scanned
17 :: Shamir,M size,2,W,3802,1795,3778,1886,91,,Scanned
17 :: Shamir,M size,2,T,4093,1794,4074,1885,91,,Scanned
17 :: Shamir,M size,2,w,4532,1954,4559,2026,72,,Scanned
17 :: Shamir,M size,2,w,3184,2099,3202,2171,72,,Scanned
17 :: Shamir,M size,4,I,3026,1236,3023,1418,182,,Scanned
17 :: Shamir,M size,4,L,4111,1235,4197,1416,181,,Scanned
12 :: PolyU,M size,1.25,h,3482,3345,3480,3401,56,,Scanned
12 :: PolyU,M size,1.25,w,3590,3364,3598,3403,39,,Scanned
12 :: PolyU,M size,1.25,T,2961,3439,2961,3493,54,,Scanned
12 :: PolyU,M size,1.25,v,3375,3468,3366,3498,30,,Scanned
12 :: PolyU,M size,1.25,l,3704,3537,3702,3594,57,,Scanned
12 :: PolyU,M size,1.25,v,3617,3555,3626,3594,39,,Scanned
12 :: PolyU,M size,1,H,4130,2864,4132,2914,50,,Scanned
12 :: PolyU,M size,1,w,4239,2880,4245,2914,34,,Scanned
12 :: PolyU,M size,1,h,3961,2944,3960,2995,51,,Scanned
12 :: PolyU,M size,1,w,4254,2962,4244,2996,34,,Scanned
12 :: PolyU,M size,1,k,3434,3106,3434,3156,50,,Scanned
12 :: PolyU,M size,1,w,3915,3043,3922,3077,34,,Scanned
12 :: PolyU,M size,0.8,l,3835,2409,3834,2449,40,,Scanned
12 :: PolyU,M size,0.8,w,3032,2418,3052,2445,27,,Scanned
12 :: PolyU,M size,0.8,h,3178,2472,3178,2511,39,,Scanned
12 :: PolyU,M size,0.8,v,3248,2485,3259,2513,28,,Scanned
12 :: PolyU,M size,0.8,A,4096,2606,4085,2646,40,,Scanned
12 :: PolyU,M size,0.8,w,3148,2549,3154,2577,28,,Scanned
12 :: PolyU,M size,0.63,H,3934,2061,3936,2090,29,,Scanned
12 :: PolyU,M size,0.63,w,4054,2119,4059,2138,19,,Scanned
12 :: PolyU,M size,0.63,h,3964,2158,3964,2187,29,,Scanned
12 :: PolyU,M size,0.63,v,3239,2163,3244,2183,20,,Scanned
12 :: PolyU,M size,0.63,A,4227,2207,4217,2236,29,,Scanned
12 :: PolyU,M size,0.63,w,3440,2261,3456,2282,21,,Scanned
12 :: PolyU,M size,0.5,l,3683,1795,3684,1817,22,,Scanned
12 :: PolyU,M size,0.5,w,3835,1803,3839,1818,15,,Scanned
12 :: PolyU,M size,0.5,h,3881,1831,3880,1854,23,,Scanned
12 :: PolyU,M size,0.5,w,3871,1875,3866,1890,15,,Scanned
12 :: PolyU,M size,0.5,H,3515,1902,3515,1925,23,,Scanned
12 :: PolyU,M size,0.5,v,3387,1908,3391,1923,15,,Scanned
12 :: PolyU,M size,0.4,H,3299,1555,3297,1574,19,,Scanned
12 :: PolyU,M size,0.4,w,3361,1593,3357,1606,13,,Scanned
12 :: PolyU,M size,0.4,H,3384,1587,3384,1606,19,,Scanned
12 :: PolyU,M size,0.4,v,3296,1625,3298,1637,12,,Scanned
12 :: PolyU,M size,0.4,T,3492,1683,3492,1702,19,,Scanned
12 :: PolyU,M size,0.4,v,3524,1657,3521,1670,13,,Scanned
14 :: Evans Instruments,N size,12,v,4069,3698,4083,3749,51,,Scanned
14 :: Evans Instruments,N size,12,v,5077,3686,5093,3738,52,,Scanned
14 :: Evans Instruments,N size,12,w,5557,3682,5569,3733,51,,Scanned
14 :: Evans Instruments,N size,10,N,4884,3099,4885,3156,57,,Scanned
14 :: Evans Instruments,N size,10,z,5349,3111,5348,3152,41,,Scanned
14 :: Evans Instruments,N size,10,x,5620,3108,5618,3149,41,,Scanned
14 :: Evans Instruments,N size,10,v,5597,3356,5608,3397,41,,Scanned
14 :: Evans Instruments,N size,8,T,3202,3070,3202,3123,53,,Scanned
14 :: Evans Instruments,N size,8,w,3414,3083,3408,3120,37,,Scanned
17 :: Shamir,M size,0.5,v,3360,4485,3355,4503,18,,Threshold
17 :: Shamir,M size,0.5,w,3677,4517,3682,4535,18,,Threshold
17 :: Shamir,M size,0.5,z,4507,4549,4508,4567,18,,Threshold
17 :: Shamir,M size,0.63,E,3157,4036,3159,4066,30,,Threshold
17 :: Shamir,M size,0.63,T,3378,4036,3384,4066,30,,Threshold
17 :: Shamir,M size,0.63,A,3644,4036,3632,4066,30,,Threshold
17 :: Shamir,M size,0.63,v,3867,4041,3860,4064,23,,Threshold
17 :: Shamir,M size,0.63,v,3803,4091,3811,4115,24,,Threshold
17 :: Shamir,M size,0.63,z,3904,4141,3905,4163,22,,Threshold
17 :: Shamir,M size,0.8,W,2992,3585,3026,3621,36,,Threshold
17 :: Shamir,M size,0.8,A,4104,3583,4087,3619,36,,Threshold
17 :: Shamir,M size,0.8,V,2992,3719,3003,3754,35,,Threshold
17 :: Shamir,M size,0.8,v,3076,3661,3084,3688,27,,Threshold
17 :: Shamir,M size,0.8,v,4003,3658,4012,3686,28,,Threshold
17 :: Shamir,M size,0.8,x,3966,3725,3965,3753,28,,Threshold
17 :: Shamir,M size,1,A,3009,3166,2994,3212,46,,Threshold
17 :: Shamir,M size,1,I,3351,3166,3349,3213,47,,Threshold
17 :: Shamir,M size,1,T,3400,3167,3414,3213,46,,Threshold
17 :: Shamir,M size,1,w,2995,3251,3005,3287,36,,Threshold
17 :: Shamir,M size,1.25,A,3317,2504,3293,2560,56,,Threshold
17 :: Shamir,M size,1.25,v,3355,2616,3371,2660,44,,Threshold
17 :: Shamir,M size,1.25,v,3825,2614,3841,2658,44,,Threshold
17 :: Shamir,M size,1.25,w,4274,2713,4287,2757,44,,Threshold
17 :: Shamir,M size,2,A,3512,1796,3472,1888,92,,Threshold
17 :: Shamir,M size,2,W,3803,1795,3776,1886,91,,Threshold
17 :: Shamir,M size,2,T,4062,1794,4089,1885,91,,Threshold
17 :: Shamir,M size,2,w,4532,1954,4559,2026,72,,Threshold
17 :: Shamir,M size,2,w,3266,2099,3248,2171,72,,Threshold
17 :: Shamir,M size,4,I,3025,1236,3022,1417,181,,Threshold
17 :: Shamir,M size,4,L,4111,1235,4108,1417,182,,Threshold
16 :: Takagi,Decimal @ 40cm,1,w,3730,2033,3736,2048,15,,Threshold
16 :: Takagi,Decimal @ 40cm,1,w,3702,2074,3708,2088,14,,Threshold
16 :: Takagi,Decimal @ 40cm,1,w,3781,2074,3787,2088,14,,Threshold
16 :: Takagi,Decimal @ 40cm,0.7,,,,,,,No appropriate letters,Threshold
16 :: Takagi,Decimal @ 40cm,0.6,H,3482,1602,3483,1639,37,,Threshold
16 :: Takagi,Decimal @ 40cm,0.5,T,3382,1353,3392,1395,42,,Threshold
16 :: Takagi,Decimal @ 40cm,0.5,H,4033,1354,4036,1396,42,,Threshold
16 :: Takagi,Decimal @ 40cm,0.5,w,3550,1365,3561,1394,29,,Threshold
16 :: Takagi,Decimal @ 40cm,0.5,w,3665,1437,3675,1465,28,,Threshold
16 :: Takagi,Decimal @ 40cm,0.5,w,3441,1507,3435,1536,29,,Threshold
16 :: Takagi,Decimal @ 40cm,0.4,E,3378,1051,3367,1103,52,,Threshold
16 :: Takagi,Decimal @ 40cm,0.4,v,3392,1067,3407,1103,36,,Threshold
16 :: Takagi,Decimal @ 40cm,0.4,w,3962,1157,3974,1194,37,,Threshold
16 :: Takagi,Decimal @ 40cm,0.4,v,3644,1244,3662,1280,36,,Threshold
15 :: Howell,N size,7,H,2084,850,2085,889,39,,Threshold
15 :: Howell,N size,7,T,4088,920,4082,961,41,,Threshold
15 :: Howell,N size,7,H,3551,971,3533,1011,40,,Threshold
15 :: Howell,N size,7,w,2376,864,2396,891,27,,Threshold
15 :: Howell,N size,7,v,3059,925,3063,952,27,,Threshold
15 :: Howell,N size,7,w,2889,1087,2894,1113,26,,Threshold
14 :: Evans Instruments,N size,5,z,3569,2645,3569,2670,25,,Threshold
14 :: Evans Instruments,N size,5,v,3780,2691,3775,2717,26,,Threshold
14 :: Evans Instruments,N size,5,x,4103,2737,4120,2762,25,,Threshold
14 :: Evans Instruments,N size,6,T,4885,2623,4893,2662,39,,Threshold
14 :: Evans Instruments,N size,6,I,6008,2610,6011,2649,39,,Threshold
14 :: Evans Instruments,N size,6,z,5430,2630,5428,2657,27,,Threshold
14 :: Evans Instruments,N size,6,v,5543,2687,5549,2714,27,,Threshold
14 :: Evans Instruments,N size,6,v,5514,2861,5523,2888,27,,Threshold
14 :: Evans Instruments,N size,8,T,3215,3071,3199,3122,51,,Threshold
14 :: Evans Instruments,N size,8,w,3399,3084,3408,3119,35,,Threshold
14 :: Evans Instruments,N size,8,z,4209,3148,4212,3183,35,,Threshold
14 :: Evans Instruments,N size,8,v,3615,3378,32627,3413,35,,Threshold
14 :: Evans Instruments,N size,10,N,4916,3098,4925,3156,58,,Threshold
14 :: Evans Instruments,N size,10,z,5348,3112,5354,3150,38,,Threshold
14 :: Evans Instruments,N size,10,z,5942,3270,5943,3308,38,,Threshold
14 :: Evans Instruments,N size,10,v,5618,3356,5608,3396,40,,Threshold
14 :: Evans Instruments,N size,12,v,4057,3698,4082,3749,51,,Threshold
14 :: Evans Instruments,N size,12,v,5105,3686,5092,3737,51,,Threshold
14 :: Evans Instruments,N size,12,w,5618,3680,5597,3732,52,,Threshold
13 :: HKSPO,M size,0.4,H,4804,1373,4806,1393,20,,Threshold
13 :: HKSPO,M size,0.4,H,4892,1405,4891,1425,20,,Threshold
13 :: HKSPO,M size,0.4,T,5001,1500,5004,1520,20,,Threshold
13 :: HKSPO,M size,0.4,w,4857,1411,4860,1424,13,,Threshold
13 :: HKSPO,M size,0.4,v,5028,1474,5032,1487,13,,Threshold
13 :: HKSPO,M size,0.4,v,4805,1443,4809,1456,13,,Threshold
13 :: HKSPO,M size,0.5,H,5027,1710,5028,1733,23,,Threshold
13 :: HKSPO,M size,0.5,w,5093,1681,5095,1697,16,,Threshold
13 :: HKSPO,M size,0.5,w,4797,1609,4801,1625,16,,Threshold
13 :: HKSPO,M size,0.5,v,4895,1716,4902,1733,17,,Threshold
13 :: HKSPO,M size,0.63,H,5459,1859,5442,1889,30,,Threshold
13 :: HKSPO,M size,0.63,A,5733,2005,5741,2034,29,,Threshold
13 :: HKSPO,M size,0.63,w,5559,1917,5555,1937,20,,Threshold
13 :: HKSPO,M size,0.63,v,4743,1965,4749,1985,20,,Threshold
13 :: HKSPO,M size,0.63,w,4946,2061,4961,2081,20,,Threshold
13 :: HKSPO,M size,0.8,H,4647,2319,4648,2355,36,,Threshold
13 :: HKSPO,M size,0.8,K,4701,2452,4704,2488,36,,Threshold
13 :: HKSPO,M size,0.8,T,4887,2519,4883,2555,36,,Threshold
13 :: HKSPO,M size,0.8,v,5306,2397,5313,2421,24,,Threshold
13 :: HKSPO,M size,0.8,w,4878,2464,4872,2487,23,,Threshold
13 :: HKSPO,M size,0.8,v,4692,2531,4697,2556,25,,Threshold
13 :: HKSPO,M size,1,T,5519,2764,5532,2809,45,,Threshold
13 :: HKSPO,M size,1,A,4826,2930,4837,2976,46,,Threshold
13 :: HKSPO,M size,1,I,5717,3015,5720,3060,45,,Threshold
13 :: HKSPO,M size,1,v,4554,3029,4562,3060,31,,Threshold
13 :: HKSPO,M size,1,v,4561,2946,4567,2977,31,,Threshold
13 :: HKSPO,M size,1,v,4903,2862,4913,2893,31,,Threshold
13 :: HKSPO,M size,1.25,A,4425,3237,4411,3294,57,,Threshold
13 :: HKSPO,M size,1.25,H,5867,3338,5864,3394,56,,Threshold
13 :: HKSPO,M size,1.25,L,4708,3438,4724,3494,56,,Threshold
13 :: HKSPO,M size,1.25,v,5056,3455,5065,3494,39,,Threshold
13 :: HKSPO,M size,1.25,v,5116,3355,5123,3394,39,,Threshold
13 :: HKSPO,M size,1.25,w,5496,3355,5535,3395,40,,Threshold
12 :: PolyU,M size,0.4,H,3296,1555,3296,1574,19,,Threshold
12 :: PolyU,M size,0.4,H,3382,1587,3382,1606,19,,Threshold
12 :: PolyU,M size,0.4,T,3492,1683,3493,1702,19,,Threshold
12 :: PolyU,M size,0.4,w,3462,1626,3465,1638,12,,Threshold
12 :: PolyU,M size,0.4,v,3515,1658,3521,1670,12,,Threshold
12 :: PolyU,M size,0.4,w,3405,1562,3408,1574,12,,Threshold
12 :: PolyU,M size,0.5,H,3515,1902,3514,1925,23,,Threshold
12 :: PolyU,M size,0.5,w,3286,1800,3289,1814,14,,Threshold
12 :: PolyU,M size,0.5,v,3387,1908,3391,1922,14,,Threshold
12 :: PolyU,M size,0.5,w,3796,1839,3802,1853,14,,Threshold
12 :: PolyU,M size,0.63,H,3933,2061,3934,2090,29,,Threshold
12 :: PolyU,M size,0.63,A,4226,2208,4235,2236,28,,Threshold
12 :: PolyU,M size,0.63,w,4041,2119,4048,2138,19,,Threshold
12 :: PolyU,M size,0.63,v,3238,2163,3243,2183,20,,Threshold
12 :: PolyU,M size,0.63,w,3442,2262,3445,2281,19,,Threshold
12 :: PolyU,M size,0.8,A,4096,2607,4084,2646,39,,Threshold
12 :: PolyU,M size,0.8,w,3032,2419,3052,2445,26,,Threshold
12 :: PolyU,M size,0.8,v,3248,2485,3259,2513,28,,Threshold
12 :: PolyU,M size,0.8,w,3149,2550,3153,2577,27,,Threshold
12 :: PolyU,M size,1,H,4126,2865,4131,2914,49,,Threshold
12 :: PolyU,M size,1,w,4237,2881,4263,2914,33,,Threshold
12 :: PolyU,M size,1,w,4230,2962,4242,2996,34,,Threshold
12 :: PolyU,M size,1,w,3913,3043,3922,3077,34,,Threshold
12 :: PolyU,M size,1.25,T,2968,3439,2970,3495,56,,Threshold
12 :: PolyU,M size,1.25,T,4278,3445,4287,3500,55,,Threshold
12 :: PolyU,M size,1.25,w,3590,3364,3598,3402,38,,Threshold
12 :: PolyU,M size,1.25,v,3358,3459,3364,3497,38,,Threshold
12 :: PolyU,M size,1.25,v,3617,3556,3626,3594,38,,Threshold
11 :: Hoya,N size,5,H,3632,4282,3650,4309,27,,Threshold
11 :: Hoya,N size,5,Y,3698,4281,3690,4308,27,,Threshold
11 :: Hoya,N size,5,A,3802,4380,3792,4408,28,,Threshold
11 :: Hoya,N size,5,v,4299,4283,4306,4304,21,,Threshold
11 :: Hoya,N size,5,v,4780,4330,4787,4350,20,,Threshold
11 :: Hoya,N size,5,w,5151,4327,5168,4348,21,,Threshold
11 :: Hoya,N size,6,H,3635,3925,3637,3959,34,,Threshold
11 :: Hoya,N size,6,Y,3691,3924,3702,3958,34,,Threshold
11 :: Hoya,N size,6,A,5134,3974,5122,4008,34,,Threshold
11 :: Hoya,N size,6,w,3881,3931,3888,3957,26,,Threshold
11 :: Hoya,N size,6,v,5249,3982,5257,4007,25,,Threshold
11 :: Hoya,N size,6,v,4566,4046,4573,4071,25,,Threshold
11 :: Hoya,N size,8,A,6075,3482,6058,3526,44,,Threshold
11 :: Hoya,N size,8,Y,5771,3563,5787,3608,45,,Threshold
11 :: Hoya,N size,8,w,3832,3510,3839,3543,33,,Threshold
11 :: Hoya,N size,8,v,5576,3577,5588,3610,33,,Threshold
11 :: Hoya,N size,8,z,3938,3669,3934,3703,34,,Threshold
11 :: Hoya,N size,10,W,4069,3103,4082,3160,57,,Threshold
11 :: Hoya,N size,10,w,4290,3116,4302,3158,42,,Threshold
11 :: Hoya,N size,15,w,5563,2283,5550,2346,63,,Threshold
11 :: Hoya,N size,15,w,5506,2433,5490,2497,64,,Threshold
11 :: Hoya,N size,15,w,3953,2445,3933,2508,63,,Threshold
11 :: Hoya,N size,20,A,3661,1555,3696,1668,113,,Threshold
11 :: Hoya,N size,20,w,3754,1584,3786,1667,83,,Threshold
11 :: Hoya,N size,20,v,4223,1780,4191,1864,84,,Threshold
11 :: Hoya,N size,40,,,,,,,No appropriate letters,Threshold
10 :: Sussex Vision,N size,4,N,2859,811,2861,834,23,,Threshold
10 :: Sussex Vision,N size,4,T,1773,851,1765,875,24,,Threshold
10 :: Sussex Vision,N size,4,V,1981,890,1974,912,22,,Threshold
10 :: Sussex Vision,N size,4,z,1464,822,1467,837,15,,Threshold
10 :: Sussex Vision,N size,4,w,1289,860,1302,876,16,,Threshold
10 :: Sussex Vision,N size,4,v,2045,934,2048,950,16,,Threshold
10 :: Sussex Vision,N size,5,N,1233,1258,1217,1288,30,,Threshold
10 :: Sussex Vision,N size,5,I,2848,1254,2848,1283,29,,Threshold
10 :: Sussex Vision,N size,5,H,1473,1402,1475,1431,29,,Threshold
10 :: Sussex Vision,N size,5,w,1324,1267,1333,1287,20,,Threshold
10 :: Sussex Vision,N size,5,v,1236,1364,1239,1384,20,,Threshold
10 :: Sussex Vision,N size,5,w,1942,1457,1947,1476,19,,Threshold
10 :: Sussex Vision,N size,6,H,1211,1701,1211,1735,34,,Threshold
10 :: Sussex Vision,N size,6,T,2705,1696,2713,1729,33,,Threshold
10 :: Sussex Vision,N size,6,W,1215,1874,1224,1908,34,,Threshold
10 :: Sussex Vision,N size,6,w,1288,1711,1293,1734,23,,Threshold
10 :: Sussex Vision,N size,6,w,2262,1765,2271,1788,23,,Threshold
10 :: Sussex Vision,N size,6,v,2721,1936,2726,1960,24,,Threshold
10 :: Sussex Vision,N size,8,A,2711,2186,2697,2232,46,,Threshold
10 :: Sussex Vision,N size,8,w,1485,2206,1494,2237,31,,Threshold
10 :: Sussex Vision,N size,8,w,1690,2281,1715,2312,31,,Threshold
10 :: Sussex Vision,N size,8,x,1985,2356,1986,2387,31,,Threshold
10 :: Sussex Vision,N size,10,H,1226,2683,1213,2741,58,,Threshold
10 :: Sussex Vision,N size,10,w,1318,2702,1324,2741,39,,Threshold
10 :: Sussex Vision,N size,10,w,1858,2794,1821,2835,41,,Threshold
10 :: Sussex Vision,N size,10,v,2571,2984,2557,3024,40,,Threshold
10 :: Sussex Vision,N size,12,T,1244,3251,1242,3318,67,,Threshold
10 :: Sussex Vision,N size,12,A,1239,3365,1254,3433,68,,Threshold
10 :: Sussex Vision,N size,12,T,1240,3481,1241,3548,67,,Threshold
10 :: Sussex Vision,N size,12,v,2050,3268,2029,3316,48,,Threshold
10 :: Sussex Vision,N size,12,w,2898,3496,2910,3544,48,,Threshold
10 :: Sussex Vision,N size,12,x,2300,3612,2328,3659,47,,Threshold
10 :: Sussex Vision,N size,14,T,2219,3887,2231,3966,79,,Threshold
10 :: Sussex Vision,N size,14,H,1209,4026,1214,4104,78,,Threshold
10 :: Sussex Vision,N size,14,T,2079,4022,2091,4100,78,,Threshold
10 :: Sussex Vision,N size,14,w,1901,3914,1913,3968,54,,Threshold
10 :: Sussex Vision,N size,14,w,1362,4050,1399,4105,55,,Threshold
10 :: Sussex Vision,N size,14,v,2473,4180,2454,4235,55,,Threshold
10 :: Sussex Vision,N size,18,W,1279,4501,1297,4604,103,,Threshold
10 :: Sussex Vision,N size,18,W,3360,4493,3325,4597,104,,Threshold
10 :: Sussex Vision,N size,18,w,2369,4529,2354,4600,71,,Threshold
10 :: Sussex Vision,N size,18,v,1927,4875,1936,4945,70,,Threshold
10 :: Sussex Vision,N size,18,v,2820,4873,2833,4942,69,,Threshold
10 :: Sussex Vision,N size,24,w,3430,5260,3439,5353,93,,Threshold
10 :: Sussex Vision,N size,24,v,2544,5494,2558,5587,93,,Threshold
10 :: Sussex Vision,N size,24,w,3304,5490,3258,5582,92,,Threshold
9 :: Optimed,N size,36,T,1111,511,1171,709,198,,Threshold
9 :: Optimed,N size,36,T,3021,510,3101,708,198,,Threshold
9 :: Optimed,N size,36,E,3302,510,3303,708,198,,Threshold
9 :: Optimed,N size,36,x,1516,574,1512,709,135,,
9 :: Optimed,N size,24,I,1256,1044,1270,1177,133,,
9 :: Optimed,N size,24,L,1558,1044,1559,1176,132,,
9 :: Optimed,N size,24,Y,1884,1043,1884,1176,133,,
9 :: Optimed,N size,24,v,2593,1085,2639,1178,93,,
9 :: Optimed,N size,18,L,1101,1519,1107,1618,99,,
9 :: Optimed,N size,18,A,1251,1517,1225,1618,101,,
9 :: Optimed,N size,18,E,1536,1519,1564,1618,99,,
9 :: Optimed,N size,18,v,295,1724,2968,1793,69,,
9 :: Optimed,N size,14,A,2911,2208,2922,2286,78,,
9 :: Optimed,N size,14,I,3042,2208,3039,2286,78,,
9 :: Optimed,N size,14,L,3322,2208,3330,2285,77,,
9 :: Optimed,N size,14,w,3241,2092,3225,2146,54,,
9 :: Optimed,N size,14,w,1849,2399,1856,2452,53,,
9 :: Optimed,N size,12,v,1853,2739,1842,2786,47,,
9 :: Optimed,N size,12,v,2788,2739,2794,2785,46,,
9 :: Optimed,N size,12,w,3239,2738,3244,2784,46,,
9 :: Optimed,N size,10,N,1092,3329,1143,3385,56,,
9 :: Optimed,N size,10,v,1208,3346,1221,3384,38,,
9 :: Optimed,N size,10,x,1917,3345,1913,3383,38,,
9 :: Optimed,N size,10,z,1992,3445,1997,3483,38,,
9 :: Optimed,N size,8,T,1096,3858,1109,3902,44,,
9 :: Optimed,N size,8,v,2812,3870,2817,3901,31,,
9 :: Optimed,N size,8,z,3061,3870,3061,3901,31,,
9 :: Optimed,N size,8,w,2733,4056,2738,4087,31,,
9 :: Optimed,N size,6,T,1094,4355,1103,4388,33,,
9 :: Optimed,N size,6,I,2088,4354,2084,4388,34,,
9 :: Optimed,N size,6,z,1566,4366,1565,4389,23,,
9 :: Optimed,N size,6,v,2721,4365,2725,4388,23,,
9 :: Optimed,N size,6,v,2500,4510,2505,4533,23,,
9 :: Optimed,N size,5,z,1397,4798,1395,4817,19,,
9 :: Optimed,N size,5,x,2136,4797,2132,4816,19,,
9 :: Optimed,N size,5,v,2401,4938,2405,4957,19,,
9 :: Optimed,N size,4,z,1333,5217,1332,5233,16,,
9 :: Optimed,N size,4,w,2694,5216,2700,5231,15,,
9 :: Optimed,N size,4,v,2533,5300,2536,5315,15,,
8.2 :: Hank Children,N size,26,I,228,1929,232,2087,158,,
8.2 :: Hank Children,N size,14,K,1647,2498,1647,2585,87,,
8.2 :: Hank Children,N size,14,I,828,2637,831,2725,88,,
8.2 :: Hank Children,N size,14,W,268,3039,239,3126,87,,
8.2 :: Hank Children,N size,14,x,726,2662,727,2725,63,,
8.2 :: Hank Children,N size,14,w,287,2796,272,2860,64,,
8.2 :: Hank Children,N size,14,v,625,3062,602,3125,63,,
8.2 :: Hank Children,N size,12,I,220,3514,228,3585,71,,
8.2 :: Hank Children,N size,12,I,1228,3618,1230,3691,73,,
8.2 :: Hank Children,N size,12,T,242,3844,242,3916,72,,
8.2 :: Hank Children,N size,12,v,591,3532,570,3584,52,,
8.2 :: Hank Children,N size,12,w,1943,3633,1927,3686,53,,
8.2 :: Hank Children,N size,12,v,1100,3970,1119,4022,52,,
8.2 :: Hank Children,N size,10,I,1413,4448,1411,4510,62,,
8.2 :: Hank Children,N size,10,N,220,4548,224,4610,62,,
8.2 :: Hank Children,N size,10,H,1837,4819,1837,4881,62,,
8.2 :: Hank Children,N size,10,v,1953,4461,1393,4506,45,,
8.2 :: Hank Children,N size,10,z,904,4656,911,4700,44,,
8.2 :: Hank Children,N size,10,w,1325,4933,1314,4978,45,,
8.2 :: Hank Children,N size,6,T,216,5376,230,5417,41,,
8.2 :: Hank Children,N size,6,A,2166,5427,2150,5468,41,,
8.2 :: Hank Children,N size,6,T,959,5496,972,5537,41,,
8.2 :: Hank Children,N size,6,w,1413,5380,1425,5410,30,,
8.2 :: Hank Children,N size,6,v,2054,5438,2044,5468,30,,
8.2 :: Hank Children,N size,6,z,870,5569,869,5598,29,,
8.2 :: Hank Children,N size,5,V,216,5919,229,5953,34,,
8.2 :: Hank Children,N size,5,F,1991,5910,1987,5943,33,,
8.2 :: Hank Children,N size,5,H,1964,6010,1944,6044,34,,
8.2 :: Hank Children,N size,5,z,1026,5925,1025,5949,24,,
8.2 :: Hank Children,N size,5,v,1877,5970,1888,5994,24,,
8.2 :: Hank Children,N size,5,w,2013,6019,2006,6044,25,,
8.2 :: Hank Children,N size,4,I,220,6419,222,6446,27,,
8.2 :: Hank Children,N size,4,A,738,6500,729,6528,28,,
8.2 :: Hank Children,N size,4,v,566,6425,574,6445,20,,
8.2 :: Hank Children,N size,4,v,758,6425,764,6445,20,,
8.2 :: Hank Children,N size,4,v,575,6467,580,6487,20,,
8.1 :: Hank Adult,N size,26,V,205,1181,263,1339,158,,
8.1 :: Hank Adult,N size,26,W,1951,1725,1920,1884,159,,
8.1 :: Hank Adult,N size,26,v,1989,1493,1945,1608,115,,
8.1 :: Hank Adult,N size,26,v,1226,2048,1266,2163,115,,
8.1 :: Hank Adult,N size,14,I,1651,2989,1654,3076,87,,
8.1 :: Hank Adult,N size,14,x,441,3151,442,3214,63,,
8.1 :: Hank Adult,N size,14,w,921,3283,905,3346,63,,
8.1 :: Hank Adult,N size,14,v,757,3417,777,3480,63,,
8.1 :: Hank Adult,N size,10,A,210,3909,235,3970,61,,
8.1 :: Hank Adult,N size,10,T,221,4096,208,4157,61,,
8.1 :: Hank Adult,N size,10,T,559,4190,559,4251,61,,
8.1 :: Hank Adult,N size,10,v,1689,4014,1701,4058,44,,
8.1 :: Hank Adult,N size,10,v,551,4113,570,4157,44,,
8.1 :: Hank Adult,N size,10,w,2549,4198,2535,4242,44,,
8.1 :: Hank Adult,N size,8,A,203,4697,186,4747,50,,
8.1 :: Hank Adult,N size,8,w,720,4710,728,4747,37,,
8.1 :: Hank Adult,N size,8,v,912,4786,924,4823,37,,
8.1 :: Hank Adult,N size,8,w,1153,4863,1141,4899,36,,
8.1 :: Hank Adult,N size,6,I,189,5373,189,5413,40,,
8.1 :: Hank Adult,N size,6,T,198,5434,199,5474,40,,
8.1 :: Hank Adult,N size,6,I,1760,5428,1760,5469,41,,
8.1 :: Hank Adult,N size,6,x,1184,5381,1166,5411,30,,
8.1 :: Hank Adult,N size,6,v,1547,5440,1537,5469,29,,
8.1 :: Hank Adult,N size,6,w,716,5568,705,5597,29,,
8.1 :: Hank Adult,N size,5,T,1918,5937,1919,5970,33,,
8.1 :: Hank Adult,N size,5,H,2183,5986,2183,6020,34,,
8.1 :: Hank Adult,N size,5,w,1400,5898,1407,5922,24,,
8.1 :: Hank Adult,N size,5,w,1192,5950,1197,5974,24,,
8.1 :: Hank Adult,N size,5,v,496,6053,503,6077,24,,
8.1 :: Hank Adult,N size,4,I,1406,6447,1404,6474,27,,
8.1 :: Hank Adult,N size,4,x,940,6375,680,6394,19,,
8.1 :: Hank Adult,N size,4,w,2474,6409,2466,6429,20,,
8.1 :: Hank Adult,N size,4,v,548,6500,542,6519,19,,
7 :: Good-Lite,logMAR @ 40cm,1.3,H,7320,674,7320,949,275,EXCLUDE - letter chart,
7 :: Good-Lite,logMAR @ 40cm,1.3,Z,8081,676,8058,951,275,EXCLUDE - letter chart,
7 :: Good-Lite,logMAR @ 40cm,1.3,V,8636,677,8574,953,276,EXCLUDE - letter chart,
7 :: Good-Lite,logMAR @ 40cm,1.2,Z,7009,1168,7011,1387,219,EXCLUDE - letter chart,
7 :: Good-Lite,logMAR @ 40cm,1.2,N,7521,1169,7526,1387,218,EXCLUDE - letter chart,
7 :: Good-Lite,logMAR @ 40cm,1.1,V,6704,1560,6742,1734,174,EXCLUDE - letter chart,
7 :: Good-Lite,logMAR @ 40cm,1.1,K,7134,1561,7152,1735,174,EXCLUDE - letter chart,
7 :: Good-Lite,logMAR @ 40cm,1.1,N,7850,1562,7857,1736,174,EXCLUDE - letter chart,
7 :: Good-Lite,logMAR @ 40cm,1,K,6847,1872,6851,2011,139,EXCLUDE - letter chart,
7 :: Good-Lite,logMAR @ 40cm,1,H,7770,1873,7768,2012,139,EXCLUDE - letter chart,
7 :: Good-Lite,logMAR @ 40cm,1,N,8048,1874,8039,2013,139,EXCLUDE - letter chart,
7 :: Good-Lite,logMAR @ 40cm,0.9,Z,6975,2121,6976,2230,109,EXCLUDE - letter chart,
7 :: Good-Lite,logMAR @ 40cm,0.9,K,7196,2120,7193,2230,110,EXCLUDE - letter chart,
7 :: Good-Lite,logMAR @ 40cm,0.9,V,7698,2121,7669,2231,110,EXCLUDE - letter chart,
7 :: Good-Lite,logMAR @ 40cm,0.8,H,7065,2317,7125,2404,87,EXCLUDE - letter chart,
7 :: Good-Lite,logMAR @ 40cm,0.8,V,7239,2317,7270,2404,87,EXCLUDE - letter chart,
7 :: Good-Lite,logMAR @ 40cm,0.8,K,7763,2318,7758,2405,87,EXCLUDE - letter chart,
7 :: Good-Lite,logMAR @ 40cm,0.7,H,7329,2473,7283,2543,70,EXCLUDE - letter chart,
7 :: Good-Lite,logMAR @ 40cm,0.7,N,7743,2474,7742,2543,69,EXCLUDE - letter chart,
7 :: Good-Lite,logMAR @ 40cm,0.6,K,7200,2597,7240,2653,56,EXCLUDE - letter chart,
7 :: Good-Lite,logMAR @ 40cm,0.6,V,7468,2597,7444,2653,56,EXCLUDE - letter chart,
7 :: Good-Lite,logMAR @ 40cm,0.6,H,7685,2598,7685,2653,55,EXCLUDE - letter chart,
7 :: Good-Lite,logMAR @ 40cm,0.5,H,7249,2696,7251,2740,44,EXCLUDE - letter chart,
7 :: Good-Lite,logMAR @ 40cm,0.5,N,7337,2696,7339,2740,44,EXCLUDE - letter chart,
7 :: Good-Lite,logMAR @ 40cm,0.5,K,7426,2696,7425,2740,44,EXCLUDE - letter chart,
7 :: Good-Lite,logMAR @ 40cm,0.4,N,7289,2774,7314,2808,34,EXCLUDE - letter chart,
7 :: Good-Lite,logMAR @ 40cm,0.4,V,7426,2774,7438,2809,35,EXCLUDE - letter chart,
7 :: Good-Lite,logMAR @ 40cm,0.4,K,7496,2774,7497,2809,35,EXCLUDE - letter chart,
7 :: Good-Lite,logMAR @ 40cm,0.3,H,7396,2836,7394,2864,28,EXCLUDE - letter chart,
7 :: Good-Lite,logMAR @ 40cm,0.3,Z,7545,2836,7543,2864,28,EXCLUDE - letter chart,
7 :: Good-Lite,logMAR @ 40cm,0.2,V,7359,2886,7352,2908,22,EXCLUDE - letter chart,
7 :: Good-Lite,logMAR @ 40cm,0.2,N,7430,2886,7431,2908,22,EXCLUDE - letter chart,
7 :: Good-Lite,logMAR @ 40cm,0.1,Z,7402,2925,7401,2943,18,EXCLUDE - letter chart,
7 :: Good-Lite,logMAR @ 40cm,0.1,H,7433,2925,7433,2943,18,EXCLUDE - letter chart,
7 :: Good-Lite,logMAR @ 40cm,0.1,K,7468,2925,7467,2943,18,EXCLUDE - letter chart,
7 :: Good-Lite,logMAR @ 40cm,0,Z,7438,2956,7437,2970,14,EXCLUDE - letter chart,
7 :: Good-Lite,logMAR @ 40cm,0,K,7490,2956,7490,2970,14,EXCLUDE - letter chart,
7 :: Good-Lite,logMAR @ 40cm,-0.1,N,7435,2981,7435,2992,11,EXCLUDE - letter chart,
7 :: Good-Lite,logMAR @ 40cm,-0.1,Z,7483,2980,7481,2992,12,EXCLUDE - letter chart,
7 :: Good-Lite,logMAR @ 40cm,-0.2,N,7401,3000,7401,3009,9,EXCLUDE - letter chart,
7 :: Good-Lite,logMAR @ 40cm,-0.2,H,7435,3001,7436,3009,8,EXCLUDE - letter chart,
7 :: Good-Lite,logMAR @ 40cm,-0.2,K,7454,3001,7453,3009,8,EXCLUDE - letter chart,
7 :: Good-Lite,logMAR @ 40cm,-0.3,V,7409,3016,7411,3022,6,EXCLUDE - letter chart,
7 :: Good-Lite,logMAR @ 40cm,-0.3,K,7423,3016,7422,3023,7,EXCLUDE - letter chart,
7 :: Good-Lite,logMAR @ 40cm,-0.3,H,7464,3016,7470,3024,8,EXCLUDE - letter chart,
7 :: Good-Lite,logMAR @ 40cm,0.7,I,5451,3567,5452,3672,105,,
7 :: Good-Lite,logMAR @ 40cm,0.7,I,5458,3712,5453,3816,104,,
7 :: Good-Lite,logMAR @ 40cm,0.7,I,6929,3716,6928,3819,103,,
7 :: Good-Lite,logMAR @ 40cm,0.7,w,5589,3602,5569,3674,72,,
7 :: Good-Lite,logMAR @ 40cm,0.7,z,7044,3605,7032,3675,70,,
7 :: Good-Lite,logMAR @ 40cm,0.7,w,6235,3748,6252,3820,72,,
7 :: Good-Lite,logMAR @ 40cm,0.6,I,5459,4007,5464,4089,82,,
7 :: Good-Lite,logMAR @ 40cm,0.6,I,8823,4017,8825,4099,82,,
7 :: Good-Lite,logMAR @ 40cm,0.6,w,6488,4037,6538,4094,57,,
7 :: Good-Lite,logMAR @ 40cm,0.6,w,8031,4042,8052,4098,56,,
7 :: Good-Lite,logMAR @ 40cm,0.6,w,8890,4043,8900,4100,57,,
7 :: Good-Lite,logMAR @ 40cm,0.5,H,5451,4395,5456,4461,66,,
7 :: Good-Lite,logMAR @ 40cm,0.5,I,6612,4400,6616,4466,66,,
7 :: Good-Lite,logMAR @ 40cm,0.5,I,7950,4405,7950,4471,66,,
7 :: Good-Lite,logMAR @ 40cm,0.5,w,6672,4421,6708,4467,46,,
7 :: Good-Lite,logMAR @ 40cm,0.5,w,8697,4428,8714,4474,46,,
7 :: Good-Lite,logMAR @ 40cm,0.5,w,9138,4429,9128,4475,46,,
7 :: Good-Lite,logMAR @ 40cm,0.4,I,5450,4723,5456,4776,53,,
7 :: Good-Lite,logMAR @ 40cm,0.4,M,5934,4727,55936,4780,53,,
7 :: Good-Lite,logMAR @ 40cm,0.4,F,6642,4729,6650,4782,53,,
7 :: Good-Lite,logMAR @ 40cm,0.4,w,5498,4740,5506,4777,37,,
7 :: Good-Lite,logMAR @ 40cm,0.4,w,8520,4754,8511,4790,36,,
7 :: Good-Lite,logMAR @ 40cm,0.3,W,6177,4977,6205,5020,43,,
7 :: Good-Lite,logMAR @ 40cm,0.3,I,6932,4980,6935,5022,42,,
7 :: Good-Lite,logMAR @ 40cm,0.3,I,7908,4985,7904,5027,42,,
7 :: Good-Lite,logMAR @ 40cm,0.3,w,5553,4986,5575,5016,30,,
7 :: Good-Lite,logMAR @ 40cm,0.3,w,6481,4991,6490,5020,29,,
7 :: Good-Lite,logMAR @ 40cm,0.3,w,7324,4995,7328,5024,29,,
7 :: Good-Lite,logMAR @ 40cm,0.2,I,5452,5177,5452,5212,35,,
7 :: Good-Lite,logMAR @ 40cm,0.2,W,6546,5183,6553,5218,35,,
7 :: Good-Lite,logMAR @ 40cm,0.2,A,6842,5186,6850,5220,34,,
7 :: Good-Lite,logMAR @ 40cm,0.2,w,5481,5188,5499,5212,24,,
7 :: Good-Lite,logMAR @ 40cm,0.2,w,5883,5191,5905,5215,24,,
7 :: Good-Lite,logMAR @ 40cm,0.2,v,7326,5198,7332,5221,23,,
7 :: Good-Lite,logMAR @ 40cm,0.1,w,5654,5384,5657,5403,19,,
7 :: Good-Lite,logMAR @ 40cm,0.1,w,6504,5389,6508,5407,18,,
7 :: Good-Lite,logMAR @ 40cm,0.1,w,7012,5391,7016,5410,19,,
7 :: Good-Lite,logMAR @ 40cm,0,I,5441,5567,5441,5591,24,,
7 :: Good-Lite,logMAR @ 40cm,0,w,5582,5577,5593,5592,15,,
7 :: Good-Lite,logMAR @ 40cm,0,w,5959,5580,5954,5594,14,,
7 :: Good-Lite,logMAR @ 40cm,0,w,6201,5581,6205,5596,15,,
6 :: Magnifiers Australia,N size,96,N,307,455,321,986,531,,
6 :: Magnifiers Australia,N size,96,w,332,2226,407,2597,371,,
6 :: Magnifiers Australia,N size,48,v,2883,3911,2916,4097,186,,
6 :: Magnifiers Australia,N size,48,w,2272,4711,2302,4896,185,,
6 :: Magnifiers Australia,N size,48,w,3536,4712,3558,4898,186,,
6 :: Magnifiers Australia,N size,40,M,2606,5373,2605,5594,221,,
6 :: Magnifiers Australia,N size,40,w,2580,6110,2603,6265,155,,
6 :: Magnifiers Australia,N size,32,M,6801,671,6782,848,177,,
6 :: Magnifiers Australia,N size,32,v,8982,726,9023,850,124,,
6 :: Magnifiers Australia,N size,32,w,6742,1261,6793,1386,125,,
6 :: Magnifiers Australia,N size,24,E,5269,1696,5258,1830,134,,
6 :: Magnifiers Australia,N size,24,T,7945,1694,7935,1827,133,,
6 :: Magnifiers Australia,N size,24,I,6475,2696,6470,2829,133,,
6 :: Magnifiers Australia,N size,24,v,5346,1738,5361,1831,93,,
6 :: Magnifiers Australia,N size,24,w,7596,1936,7616,2029,93,,
6 :: Magnifiers Australia,N size,24,w,5333,2139,5314,2232,93,,
6 :: Magnifiers Australia,N size,16,T,7993,3489,7991,3578,89,,
6 :: Magnifiers Australia,N size,16,F,7019,4023,7017,4112,89,,
6 :: Magnifiers Australia,N size,16,w,6669,3385,6684,3446,61,,
6 :: Magnifiers Australia,N size,16,w,5556,3653,5568,3715,62,,
6 :: Magnifiers Australia,N size,16,w,7967,3917,7962,3979,62,,
6 :: Magnifiers Australia,N size,12,I,6239,4757,6237,4824,67,,
6 :: Magnifiers Australia,N size,12,W,6635,4955,6580,5023,68,,
6 :: Magnifiers Australia,N size,12,w,5878,4678,5862,4724,46,,
6 :: Magnifiers Australia,N size,12,v,6121,4878,6129,4924,46,,
6 :: Magnifiers Australia,N size,12,w,5424,5378,5429,5425,47,,
6 :: Magnifiers Australia,N size,8,W,5213,5700,5222,5745,45,,
6 :: Magnifiers Australia,N size,8,A,6054,5903,6062,5948,45,,
6 :: Magnifiers Australia,N size,8,T,6227,6036,6218,6081,45,,
6 :: Magnifiers Australia,N size,8,w,5204,5782,5211,5811,29,,
6 :: Magnifiers Australia,N size,8,v,5874,5851,5881,5881,30,,
6 :: Magnifiers Australia,N size,8,w,5190,6115,5211,6145,30,,
6 :: Magnifiers Australia,N size,5,L,6465,6361,6464,6395,34,,
6 :: Magnifiers Australia,N size,5,T,6585,6411,6581,6445,34,,
6 :: Magnifiers Australia,N size,5,w,6594,6372,6601,6394,22,,
6 :: Magnifiers Australia,N size,5,w,6270,6523,6274,6545,22,,
6 :: Magnifiers Australia,N size,5,v,5231,6570,5238,6593,23,,
5 :: Transitions,logMAR @ 40cm,1.3,T,4449,301,4447,653,352,,
5 :: Transitions,logMAR @ 40cm,1,L,4391,858,4388,1035,177,,
5 :: Transitions,logMAR @ 40cm,0.9,F,4352,1456,4360,1566,110,,
5 :: Transitions,logMAR @ 40cm,0.9,T,4375,1640,4369,1750,110,,
5 :: Transitions,logMAR @ 40cm,0.9,L,6287,1635,6286,1746,111,,
5 :: Transitions,logMAR @ 40cm,0.9,w,4971,1858,4982,1935,77,,
5 :: Transitions,logMAR @ 40cm,0.7,w,4407,2399,4393,2461,62,,
5 :: Transitions,logMAR @ 40cm,0.7,w,4385,2543,4358,2605,62,,
5 :: Transitions,logMAR @ 40cm,0.6,T,4374,2864,4362,2931,67,,
5 :: Transitions,logMAR @ 40cm,0.6,L,4819,2863,4824,2930,67,,
5 :: Transitions,logMAR @ 40cm,0.6,I,5061,2863,5059,2930,67,,
5 :: Transitions,logMAR @ 40cm,0.6,v,6361,2764,6347,2811,47,,
5 :: Transitions,logMAR @ 40cm,0.4,T,4355,3176,4349,3221,45,,
5 :: Transitions,logMAR @ 40cm,0.4,A,6369,3245,6357,3291,46,,
5 :: Transitions,logMAR @ 40cm,0.4,V,4979,3325,4990,3371,46,,
5 :: Transitions,logMAR @ 40cm,0.4,v,6429,3185,6419,3216,31,,
5 :: Transitions,logMAR @ 40cm,0.4,x,5626,3263,5639,3293,30,,
5 :: Transitions,logMAR @ 40cm,0.4,v,6504,3335,6494,3366,31,,
5 :: Transitions,logMAR @ 40cm,0.3,W,4336,3572,4342,3605,33,,
5 :: Transitions,logMAR @ 40cm,0.3,I,4757,3631,4758,3665,34,,
5 :: Transitions,logMAR @ 40cm,0.3,T,4908,3691,4902,3725,34,,
5 :: Transitions,logMAR @ 40cm,0.3,w,4512,3582,4504,3605,23,,
5 :: Transitions,logMAR @ 40cm,0.3,v,4947,3642,4951,3665,23,,
5 :: Transitions,logMAR @ 40cm,0.3,w,5079,3762,5083,3784,22,,
5 :: Transitions,logMAR @ 40cm,0.2,L,4813,3901,4812,3929,28,,
5 :: Transitions,logMAR @ 40cm,0.2,X,6075,3948,6075,3976,28,,
5 :: Transitions,logMAR @ 40cm,0.2,V,5944,4099,5935,4127,28,,
5 :: Transitions,logMAR @ 40cm,0.2,v,6714,3906,6720,3925,19,,
5 :: Transitions,logMAR @ 40cm,0.2,w,5195,4010,5200,4029,19,,
5 :: Transitions,logMAR @ 40cm,0.2,x,5165,4060,5164,4079,19,,
4 :: Varilux,N size,18,W,4356,1545,4326,1653,108,,
4 :: Varilux,N size,18,N,6255,1906,6250,2014,108,,
4 :: Varilux,N size,18,Y,5779,2276,5739,2384,108,,
4 :: Varilux,N size,18,w,5627,1571,5597,1650,79,,
4 :: Varilux,N size,18,w,6426,1935,6439,2013,78,,
4 :: Varilux,N size,18,v,5081,2675,5104,2753,78,,
4 :: Varilux,N size,10,K,4239,2927,4277,2987,60,,
4 :: Varilux,N size,10,A,6278,2919,6297,2980,61,,
4 :: Varilux,N size,10,w,5572,2939,5581,2983,44,,
4 :: Varilux,N size,10,w,4498,3042,4512,3086,44,,
4 :: Varilux,N size,10,w,6270,3136,6286,3180,44,,
4 :: Varilux,N size,8,N,4238,3454,4266,3501,47,,
4 :: Varilux,N size,8,K,6278,3446,6305,3493,47,,
4 :: Varilux,N size,8,T,4835,3702,4831,3750,48,,
4 :: Varilux,N size,8,x,4318,3466,4319,3501,35,,
4 :: Varilux,N size,8,w,5867,3545,5855,3580,35,,
4 :: Varilux,N size,8,v,6050,3710,6039,3745,35,,
4 :: Varilux,N size,6,N,4234,3997,4259,4033,36,,
4 :: Varilux,N size,6,T,4937,4061,4937,4097,36,,
4 :: Varilux,N size,6,w,6074,4000,6067,4026,26,,
4 :: Varilux,N size,6,x,6301,4065,6302,4091,26,,
4 :: Varilux,N size,6,v,5697,4135,5688,4162,27,,
4 :: Varilux,N size,5,W,4247,4317,4238,4348,31,,
4 :: Varilux,N size,5,Y,4585,4366,4596,4396,30,,
4 :: Varilux,N size,5,w,5015,4323,5007,4345,22,,
4 :: Varilux,N size,5,x,5929,4319,5927,4341,22,,
4 :: Varilux,N size,5,w,5192,4373,5196,4394,21,,
3 :: Opticare,logMAR @ 40cm,1.3,,,,,,,No suitable letters,
3 :: Opticare,logMAR @ 40cm,1,A,5938,1234,5966,1416,182,,
3 :: Opticare,logMAR @ 40cm,1,I,4653,1514,4716,1693,179,,
3 :: Opticare,logMAR @ 40cm,1,w,3859,1573,3875,1698,125,,
3 :: Opticare,logMAR @ 40cm,0.9,x,4613,2342,4606,2419,77,,
3 :: Opticare,logMAR @ 40cm,0.9,x,5573,2342,5536,2419,77,,
3 :: Opticare,logMAR @ 40cm,0.7,F,3841,2744,3844,2835,91,,
3 :: Opticare,logMAR @ 40cm,0.7,A,6374,2739,6387,2831,92,,
3 :: Opticare,logMAR @ 40cm,0.7,v,4144,2772,4127,2836,64,,
3 :: Opticare,logMAR @ 40cm,0.7,v,5371,2914,5356,2977,63,,
3 :: Opticare,logMAR @ 40cm,0.6,A,4335,3283,4350,3353,70,,
3 :: Opticare,logMAR @ 40cm,0.6,A,3843,3401,3855,3470,69,,
3 :: Opticare,logMAR @ 40cm,0.6,w,4802,3307,4812,3353,46,,
3 :: Opticare,logMAR @ 40cm,0.6,v,6199,3420,6186,3468,48,,
3 :: Opticare,logMAR @ 40cm,0.6,v,6538,3420,6524,3468,48,,
3 :: Opticare,logMAR @ 40cm,0.4,W,3840,3748,3850,3796,48,,
3 :: Opticare,logMAR @ 40cm,0.4,A,6285,3745,6292,3792,47,,
3 :: Opticare,logMAR @ 40cm,0.4,v,4502,3762,4492,3796,34,,
3 :: Opticare,logMAR @ 40cm,0.4,w,3810,3845,3824,3878,33,,
3 :: Opticare,logMAR @ 40cm,0.4,v,4947,3843,4939,3877,34,,
3 :: Opticare,logMAR @ 40cm,0.3,w,4542,4148,4520,4175,27,,
3 :: Opticare,logMAR @ 40cm,0.2,I,3808,4397,3810,4428,31,,
3 :: Opticare,logMAR @ 40cm,0.2,v,3877,4406,3883,4428,22,,
3 :: Opticare,logMAR @ 40cm,0.2,w,4069,4406,4063,4428,22,,
3 :: Opticare,logMAR @ 40cm,0.2,v,4819,4405,4812,4426,21,,
2 :: Silhouette,N size,64,,,,,,,No suitable letters,
2 :: Silhouette,N size,32,I,4357,810,4360,986,176,Incorrect logMAR size,
2 :: Silhouette,N size,32,E,5126,807,5112,984,177,,
2 :: Silhouette,N size,32,M,4507,1059,4503,1236,177,,
2 :: Silhouette,N size,32,w,5583,864,5603,987,123,,
2 :: Silhouette,N size,20,,,,,,,No suitable letters,
2 :: Silhouette,N size,16,w,5140,1707,5111,1768,61,,
2 :: Silhouette,N size,16,w,6062,1864,6047,1926,62,,
2 :: Silhouette,N size,12,v,4707,2064,4692,2111,47,,
2 :: Silhouette,N size,12,w,5270,2304,5287,2350,46,,
2 :: Silhouette,N size,12,w,4778,2545,4766,2591,46,,
2 :: Silhouette,N size,8,I,4319,2711,4318,2756,45,,
2 :: Silhouette,N size,8,T,4338,2791,4331,2836,45,,
2 :: Silhouette,N size,8,Y,6383,3105,6393,3149,44,,
2 :: Silhouette,N size,8,w,6243,2879,6236,2910,31,,
2 :: Silhouette,N size,8,v,4533,3043,4545,3076,33,,
2 :: Silhouette,N size,8,v,4857,3124,4866,3154,30,,
2 :: Silhouette,N size,6,L,4528,3442,4528,3476,34,,
2 :: Silhouette,N size,6,I,5346,3501,5345,3534,33,,
2 :: Silhouette,N size,6,A,4642,3742,4633,3776,34,,
2 :: Silhouette,N size,6,x,4837,3512,4847,3534,22,,
2 :: Silhouette,N size,6,w,4568,3633,4560,3656,23,,
2 :: Silhouette,N size,6,v,5157,3872,5149,3895,23,,
2 :: Silhouette,N size,5,L,4326,4074,4326,4102,28,,
2 :: Silhouette,N size,5,W,4338,4224,4345,4252,28,,
2 :: Silhouette,N size,5,T,4331,4274,4328,4302,28,,
2 :: Silhouette,N size,5,v,4362,4133,4368,4151,18,,
2 :: Silhouette,N size,5,z,6124,4227,6123,4246,19,,
2 :: Silhouette,N size,5,w,5831,4329,5836,4348,19,,
1 :: Rodenstock,Decimal @ 40cm,0.1,V,675,323,747,542,219,,
1 :: Rodenstock,Decimal @ 40cm,0.2,V,675,1073,707,1184,111,,
1 :: Rodenstock,Decimal @ 40cm,0.25,W,725,1569,699,1659,90,,
1 :: Rodenstock,Decimal @ 40cm,0.25,x,974,1591,963,1657,66,,
1 :: Rodenstock,Decimal @ 40cm,0.25,w,1288,1730,1278,1796,66,,
1 :: Rodenstock,Decimal @ 40cm,0.25,w,2613,1585,2624,1650,65,,
1 :: Rodenstock,Decimal @ 40cm,0.32,W,748,2161,691,2232,71,,
1 :: Rodenstock,Decimal @ 40cm,0.32,v,1401,2174,1383,2226,52,,
1 :: Rodenstock,Decimal @ 40cm,0.32,w,2182,2171,2193,2223,52,,
1 :: Rodenstock,Decimal @ 40cm,0.32,v,796,2293,809,2344,51,,
1 :: Rodenstock,Decimal @ 40cm,0.4,F,685,2780,678,2836,56,,
1 :: Rodenstock,Decimal @ 40cm,0.4,W,1825,2866,1838,2921,55,,
1 :: Rodenstock,Decimal @ 40cm,0.4,v,1081,2884,1070,2925,41,,
1 :: Rodenstock,Decimal @ 40cm,0.4,w,2960,2877,2953,2918,41,,
1 :: Rodenstock,Decimal @ 40cm,0.4,w,1848,2974,1837,3014,40,,
1 :: Rodenstock,Decimal @ 40cm,0.5,T,689,3502,687,3547,45,,
1 :: Rodenstock,Decimal @ 40cm,0.5,v,1241,3425,1228,3461,36,,
1 :: Rodenstock,Decimal @ 40cm,0.5,v,1438,3509,1427,3542,33,,
1 :: Rodenstock,Decimal @ 40cm,0.5,v,1200,3593,1209,3626,33,,
1 :: Rodenstock,Decimal @ 40cm,0.63,I,1541,3911,1542,3946,35,,
1 :: Rodenstock,Decimal @ 40cm,0.63,Y,1553,3911,1564,3946,35,,
1 :: Rodenstock,Decimal @ 40cm,0.63,N,1659,3969,1656,4004,35,,
1 :: Rodenstock,Decimal @ 40cm,0.63,w,1111,3922,1118,3948,26,,
1 :: Rodenstock,Decimal @ 40cm,0.63,w,2971,3915,2993,3940,25,,
1 :: Rodenstock,Decimal @ 40cm,0.63,v,1360,3980,1368,4005,25,,
1 :: Rodenstock,Decimal @ 40cm,0.8,Y,1686,4335,1692,4364,29,,
1 :: Rodenstock,Decimal @ 40cm,0.8,T,825,4393,819,4422,29,,
1 :: Rodenstock,Decimal @ 40cm,0.8,v,971,4346,979,4366,20,,
1 :: Rodenstock,Decimal @ 40cm,0.8,w,899,4401,892,4421,20,,
1 :: Rodenstock,Decimal @ 40cm,0.8,w,687,4511,682,4530,19,,
18 :: personalEYES,N size,36,T,1142,1056,1187,1254,198,Hard to tell which is the top as there is a serif area on the letters,
18 :: personalEYES,N size,36,T,3061,1072,3108,1270,198,,
18 :: personalEYES,N size,36,E,3266,1073,3342,1272,199,,
18 :: personalEYES,N size,36,x,1587,1121,1586,1257,136,,
18 :: personalEYES,N size,24,I,1293,1591,1295,1728,137,,
18 :: personalEYES,N size,24,L,1597,1593,1599,1729,136,,
18 :: personalEYES,N size,24,Y,1882,1596,1971,1732,136,,
18 :: personalEYES,N size,24,v,2673,1645,2684,1739,94,,
18 :: personalEYES,N size,18,L,1141,2070,1142,2171,101,,
18 :: personalEYES,N size,18,A,1290,2069,1309,2172,103,,
18 :: personalEYES,N size,18,E,1584,2073,1571,2173,100,,
18 :: personalEYES,N size,18,v,298,2293,3019,2362,69,,
18 :: personalEYES,N size,14,A,2961,2778,2927,2857,79,,
18 :: personalEYES,N size,14,I,3074,2780,3075,2859,79,,
18 :: personalEYES,N size,14,T,3113,2780,3128,2858,78,,
18 :: personalEYES,N size,14,w,3223,2664,3281,2718,54,,
18 :: personalEYES,N size,14,w,1881,2958,1936,3012,54,,
18 :: personalEYES,N size,12,v,1870,3301,1892,3347,46,,
18 :: personalEYES,N size,12,v,2829,3308,2848,3355,47,,
18 :: personalEYES,N size,12,w,3282,3313,3304,3359,46,,
18 :: personalEYES,N size,10,N,1184,3887,1144,3944,57,,
18 :: personalEYES,N size,10,x,1941,3910,1941,3949,39,,
18 :: personalEYES,N size,10,z,2043,4011,2045,4050,39,,
18 :: personalEYES,N size,10,v,2643,4139,2659,4178,39,,
18 :: personalEYES,N size,8,T,1147,4416,1159,4462,46,,
18 :: personalEYES,N size,8,w,1375,4431,1367,4462,31,,
18 :: personalEYES,N size,8,v,2862,4440,2875,4472,32,,
18 :: personalEYES,N size,8,w,2802,4627,2814,4657,30,,
18 :: personalEYES,N size,6,T,1144,4918,1160,4954,36,,
18 :: personalEYES,N size,6,I,2140,4924,2138,4959,35,,
18 :: personalEYES,N size,6,z,1617,4932,1619,4956,24,,
18 :: personalEYES,N size,6,v,2777,4938,2784,4962,24,,
18 :: personalEYES,N size,6,v,2556,5082,2565,5107,25,,
18 :: personalEYES,N size,5,z,1455,5366,1455,5387,21,,
18 :: personalEYES,N size,5,x,3768,5382,3769,5403,21,,
18 :: personalEYES,N size,5,w,2313,5515,2330,5535,20,,
18 :: personalEYES,N size,4,z,1388,5792,1390,5808,16,,
18 :: personalEYES,N size,4,x,2859,5800,2867,5817,17,,
18 :: personalEYES,N size,4,v,2592,5882,2595,5897,15,,
10 :: Sussex Vision,N size,36,v,2749,946,2819,1084,138,,
10 :: Sussex Vision,N size,48,v,2458,2158,2414,2343,185,,
16 :: Takagi,Decimal @ 40cm,0.1,,,,,,,no letters available,
16 :: Takagi,Decimal @ 40cm,0.2,A,3319,1544,3360,1646,102,,
16 :: Takagi,Decimal @ 40cm,0.3,w,3578,1773,3560,1821,48,,
16 :: Takagi,Decimal @ 40cm,0.3,w,3851,1768,3842,1816,48,,
,,,,,,,,,,
,,,,,,,,,,
,,,,,,,,,,
,,,,,,,,,,
,,,,,,,,,,
,,,,,,,,,,
,,,,,,,,,,
,,,,,,,,,,
,,,,,,,,,,
,,,,,,,,,,
,,,,,,,,,,
,,,,,,,,,,
,,,,,,,,,,
,,,,,,,,,,
,,,,,,,,,,
,,,,,,,,,,
,,,,,,,,,,
,,,,,,,,,,
,,,,,,,,,,
,,,,,,,,,,
,,,,,,,,,,
,,,,,,,,,,
,,,,,,,,,,
,,,,,,,,,,
,,,,,,,,,,
,,,,,,,,,,
,,,,,,,,,,
,,,,,,,,,,
,,,,,,,,,,
,,,,,,,,,,
,,,,,,,,,,
,,,,,,,,,,
,,,,,,,,,,
,,,,,,,,,,
,,,,,,,,,,
,,,,,,,,,,
,,,,,,,,,,
,,,,,,,,,,
,,,,,,,,,,
,,,,,,,,,,
,,,,,,,,,,
,,,,,,,,,,
,,,,,,,,,,
,,,,,,,,,,
,,,,,,,,,,
,,,,,,,,,,
,,,,,,,,,,
,,,,,,,,,,
,,,,,,,,,,
,,,,,,,,,,
,,,,,,,,,,
,,,,,,,,,,
,,,,,,,,,,
,,,,,,,,,,
,,,,,,,,,,
,,,,,,,,,,
,,,,,,,,,,
,,,,,,,,,,
,,,,,,,,,,
,,,,,,,,,,
,,,,,,,,,,
,,,,,,,,,,
,,,,,,,,,,
,,,,,,,,,,
,,,,,,,,,,
,,,,,,,,,,
,,,,,,,,,,
,,,,,,,,,,
,,,,,,,,,,
,,,,,,,,,,
,,,,,,,,,,
,,,,,,,,,,
,,,,,,,,,,
,,,,,,,,,,
,,,,,,,,,,
,,,,,,,,,,
,,,,,,,,,,
,,,,,,,,,,
,,,,,,,,,,
,,,,,,,,,,
,,,,,,,,,,
,,,,,,,,,,
,,,,,,,,,,
,,,,,,,,,,
,,,,,,,,,,
,,,,,,,,,,
,,,,,,,,,,
,,,,,,,,,,
,,,,,,,,,,
,,,,,,,,,,
,,,,,,,,,,
,,,,,,,,,,
,,,,,,,,,,
,,,,,,,,,,
,,,,,,,,,,
,,,,,,,,,,
,,,,,,,,,,
,,,,,,,,,,
,,,,,,,,,,
,,,,,,,,,,
,,,,,,,,,,
,,,,,,,,,,
,,,,,,,,,,
,,,,,,,,,,
,,,,,,,,,,
,,,,,,,,,,
,,,,,,,,,,
,,,,,,,,,,
,,,,,,,,,,
,,,,,,,,,,
,,,,,,,,,,
,,,,,,,,,,
,,,,,,,,,,
,,,,,,,,,,
,,,,,,,,,,
,,,,,,,,,,
,,,,,,,,,,
,,,,,,,,,,
,,,,,,,,,,
,,,,,,,,,,
,,,,,,,,,,
,,,,,,,,,,
,,,,,,,,,,
,,,,,,,,,,
,,,,,,,,,,
,,,,,,,,,,
,,,,,,,,,,
,,,,,,,,,,
,,,,,,,,,,
,,,,,,,,,,
,,,,,,,,,,
,,,,,,,,,,
,,,,,,,,,,
,,,,,,,,,,
,,,,,,,,,,
,,,,,,,,,,
,,,,,,,,,,
,,,,,,,,,,
,,,,,,,,,,
,,,,,,,,,,
,,,,,,,,,,
,,,,,,,,,,
,,,,,,,,,,
,,,,,,,,,,
,,,,,,,,,,
,,,,,,,,,,
,,,,,,,,,,
,,,,,,,,,,
,,,,,,,,,,
,,,,,,,,,,
,,,,,,,,,,
,,,,,,,,,,
,,,,,,,,,,
,,,,,,,,,,
,,,,,,,,,,
,,,,,,,,,,
,,,,,,,,,,
,,,,,,,,,,
,,,,,,,,,,
,,,,,,,,,,
,,,,,,,,,,
,,,,,,,,,,
