Tim,,,,Coords (top),,Coords (bottom),,,
Chart,Unit,Size,Letter,X,Y,X,Y,Height (px),Comments
1 :: Rodenstock,Decimal @ 40cm,0.1,V,685,323,759,542,219,
1 :: Rodenstock,Decimal @ 40cm,0.2,V,672,1073,713,1184,111,
1 :: Rodenstock,Decimal @ 40cm,0.25,x,1013,1591,1013,1656,65,
1 :: Rodenstock,Decimal @ 40cm,0.25,w,2610,1585,2627,1650,65,
1 :: Rodenstock,Decimal @ 40cm,0.25,w,1332,1730,1309,1795,65,
1 :: Rodenstock,Decimal @ 40cm,0.25,W,724,1569,751,1659,90,
1 :: Rodenstock,Decimal @ 40cm,0.32,v,1400,2174,1381,2226,52,
1 :: Rodenstock,Decimal @ 40cm,0.32,w,2181,2171,2195,2223,52,
1 :: Rodenstock,Decimal @ 40cm,0.32,w,2480,2171,2493,2222,51,
1 :: Rodenstock,Decimal @ 40cm,0.32,W,712,2162,733,2231,69,
1 :: Rodenstock,Decimal @ 40cm,0.4,v,1083,2884,1069,2925,41,
1 :: Rodenstock,Decimal @ 40cm,0.4,w,1847,2974,1835,3014,40,
1 :: Rodenstock,Decimal @ 40cm,0.4,w,2938,2878,2950,2918,40,
1 :: Rodenstock,Decimal @ 40cm,0.4,F,682,2780,679,2836,56,
1 :: Rodenstock,Decimal @ 40cm,0.4,W,1791,2866,1806,2921,55,
1 :: Rodenstock,Decimal @ 40cm,0.5,v,1218,3427,1228,3461,34,
1 :: Rodenstock,Decimal @ 40cm,0.5,v,1718,3425,1730,3458,33,
1 :: Rodenstock,Decimal @ 40cm,0.5,v,2470,3422,2481,3456,34,
1 :: Rodenstock,Decimal @ 40cm,0.5,T,688,3502,688,3547,45,
1 :: Rodenstock,Decimal @ 40cm,0.63,w,1097,3922,1104,3948,26,
1 :: Rodenstock,Decimal @ 40cm,0.63,w,1372,3921,1380,3946,25,
1 :: Rodenstock,Decimal @ 40cm,0.63,v,1360,3980,1368,4005,25,
1 :: Rodenstock,Decimal @ 40cm,0.63,I,1542,3911,1541,3946,35,
1 :: Rodenstock,Decimal @ 40cm,0.63,Y,1552,3911,1536,3946,35,
1 :: Rodenstock,Decimal @ 40cm,0.63,N,1658,3969,1658,4004,35,
1 :: Rodenstock,Decimal @ 40cm,0.8,v,972,4346,979,4366,20,
1 :: Rodenstock,Decimal @ 40cm,0.8,w,1581,4343,1587,4364,21,
1 :: Rodenstock,Decimal @ 40cm,0.8,z,1819,4342,1819,4363,21,
1 :: Rodenstock,Decimal @ 40cm,0.8,Y,1684,4335,1693,4364,29,
1 :: Rodenstock,Decimal @ 40cm,0.8,T,826,4393,820,4422,29,
2 :: Silhouette,Point,32,w,5579,864,5534,987,123,
2 :: Silhouette,Point,32,I,4370,810,4370,986,176,
2 :: Silhouette,Point,32,E,5144,807,5144,984,177,
2 :: Silhouette,Point,32,M,4517,1059,4531,1236,177,
2 :: Silhouette,Point,16,w,5133,1707,5147,1768,61,
2 :: Silhouette,Point,16,w,5995,1865,6011,1926,61,
2 :: Silhouette,Point,12,v,4678,2065,4691,2111,46,
2 :: Silhouette,Point,12,w,4385,2186,4396,2232,46,
2 :: Silhouette,Point,12,w,5275,2304,5286,2350,46,
2 :: Silhouette,Point,8,w,5645,2802,5653,2833,31,
2 :: Silhouette,Point,8,w,5784,2802,5791,2832,30,
2 :: Silhouette,Point,8,w,6065,2800,6074,2831,31,
2 :: Silhouette,Point,8,I,4320,2711,4320,2756,45,
2 :: Silhouette,Point,8,T,4339,2791,4329,2836,45,
2 :: Silhouette,Point,8,Y,6379,3105,6395,3149,44,
2 :: Silhouette,Point,6,x,4836,3512,4836,3534,22,
2 :: Silhouette,Point,6,v,5821,3630,5828,3652,22,
2 :: Silhouette,Point,6,w,5135,3632,5141,3655,23,
2 :: Silhouette,Point,6,L,4527,3442,4528,3476,34,
2 :: Silhouette,Point,6,N,4512,3562,4512,3596,34,
2 :: Silhouette,Point,6,T,4322,3743,4322,3777,34,
2 :: Silhouette,Point,5,v,4362,4133,4369,4151,18,
2 :: Silhouette,Point,5,w,4478,4233,4493,4251,18,
2 :: Silhouette,Point,5,w,5216,4281,5221,4300,19,
2 :: Silhouette,Point,5,W,5296,4122,5303,4150,28,
2 :: Silhouette,Point,5,W,4338,4224,4344,4252,28,
2 :: Silhouette,Point,5,T,4332,4274,4332,4302,28,
3 :: Opticare,logMAR @ 40cm,1,w,3919,1573,3944,1697,124,
3 :: Opticare,logMAR @ 40cm,1,A,5941,1234,5971,1416,182,
3 :: Opticare,logMAR @ 40cm,1,I,4717,1514,4716,1693,179,
3 :: Opticare,logMAR @ 40cm,0.9,x,4588,2342,4592,2419,77,
3 :: Opticare,logMAR @ 40cm,0.9,x,5573,2342,5573,2418,76,
3 :: Opticare,logMAR @ 40cm,0.7,v,4145,2772,4128,2836,64,
3 :: Opticare,logMAR @ 40cm,0.7,v,5340,2914,5356,2977,63,
3 :: Opticare,logMAR @ 40cm,0.7,F,3851,2744,3843,2835,91,
3 :: Opticare,logMAR @ 40cm,0.7,A,6374,2739,6390,2831,92,
3 :: Opticare,logMAR @ 40cm,0.6,w,4801,3306,4813,3353,47,
3 :: Opticare,logMAR @ 40cm,0.6,v,6198,3420,6185,3468,48,
3 :: Opticare,logMAR @ 40cm,0.6,v,6514,3420,6523,3468,48,
3 :: Opticare,logMAR @ 40cm,0.6,A,4335,3283,4348,3353,70,
3 :: Opticare,logMAR @ 40cm,0.6,A,3843,3401,3867,3470,69,
3 :: Opticare,logMAR @ 40cm,0.4,w,3829,3845,3839,3878,33,
3 :: Opticare,logMAR @ 40cm,0.4,v,4930,3844,4938,3877,33,
3 :: Opticare,logMAR @ 40cm,0.4,v,4503,3762,4492,3794,32,
3 :: Opticare,logMAR @ 40cm,0.4,W,3815,3748,3829,3796,48,
3 :: Opticare,logMAR @ 40cm,0.4,A,6284,3745,6299,3792,47,
3 :: Opticare,logMAR @ 40cm,0.3,w,4541,4148,4532,4174,26,
3 :: Opticare,logMAR @ 40cm,0.2,v,3879,4406,3883,4428,22,
3 :: Opticare,logMAR @ 40cm,0.2,w,4058,4406,4063,4428,22,
3 :: Opticare,logMAR @ 40cm,0.2,v,4804,4405,4811,4426,21,
3 :: Opticare,logMAR @ 40cm,0.2,I,3817,4397,3812,4428,31,
4 :: Varilux,N size,18,w,5529,1572,5547,1650,78,
4 :: Varilux,N size,18,w,6372,1935,6398,2013,78,
4 :: Varilux,N size,18,v,5026,2675,5051,2753,78,
4 :: Varilux,N size,18,W,4362,1545,4337,1653,108,
4 :: Varilux,N size,18,N,6257,1906,6259,2014,108,
4 :: Varilux,N size,18,Y,5773,2276,5737,2384,108,
4 :: Varilux,N size,10,w,4498,3042,4513,3086,44,
4 :: Varilux,N size,10,w,4834,3242,4848,3285,43,
4 :: Varilux,N size,10,w,5545,2939,5557,2983,44,
4 :: Varilux,N size,10,K,4238,2927,4238,2987,60,
4 :: Varilux,N size,10,A,6227,2919,6296,2980,61,
4 :: Varilux,N size,8,v,4328,3550,4340,3585,35,
4 :: Varilux,N size,8,w,5065,3714,5075,3749,35,
4 :: Varilux,N size,8,v,5717,3629,5705,3664,35,
4 :: Varilux,N size,8,K,6277,3446,2676,3493,47,
4 :: Varilux,N size,8,T,4834,3702,4834,3749,47,
4 :: Varilux,N size,8,N,4268,3453,4268,3501,48,
4 :: Varilux,N size,6,w,4312,4007,4319,4033,26,
4 :: Varilux,N size,6,w,4374,4006,4364,4033,27,
4 :: Varilux,N size,6,w,5140,4138,5148,4164,26,
4 :: Varilux,N size,6,T,4937,4061,4937,4097,36,
4 :: Varilux,N size,6,N,4259,3997,4259,4033,36,
4 :: Varilux,N size,5,w,4311,4375,4318,4397,22,
4 :: Varilux,N size,5,w,5000,4323,5006,4345,22,
4 :: Varilux,N size,5,x,5928,4319,5928,4341,22,
4 :: Varilux,N size,5,W,4248,4317,4238,4348,31,
4 :: Varilux,N size,5,Y,4586,4366,4597,4396,30,
5 :: Transitions,logMAR @ 40cm,1.3,T,4463,301,4479,653,352,
5 :: Transitions,logMAR @ 40cm,1,L,4392,858,4412,1035,177,
5 :: Transitions,logMAR @ 40cm,0.9,w,4962,1858,4982,1935,77,
5 :: Transitions,logMAR @ 40cm,0.9,F,4376,1456,4376,1567,111,
5 :: Transitions,logMAR @ 40cm,0.9,T,4382,1640,4382,1750,110,
5 :: Transitions,logMAR @ 40cm,0.9,L,5145,1639,5145,1749,110,
5 :: Transitions,logMAR @ 40cm,0.7,w,4144,2399,4393,2461,62,
5 :: Transitions,logMAR @ 40cm,0.7,w,4377,2543,4392,2604,61,
5 :: Transitions,logMAR @ 40cm,0.6,v,6364,2764,6347,2811,47,
5 :: Transitions,logMAR @ 40cm,0.6,L,4818,2863,4833,2930,67,
5 :: Transitions,logMAR @ 40cm,0.6,I,5060,2863,5060,2930,67,
5 :: Transitions,logMAR @ 40cm,0.6,L,5495,2863,5495,2929,66,
5 :: Transitions,logMAR @ 40cm,0.4,w,4397,3266,4405,3296,30,
5 :: Transitions,logMAR @ 40cm,0.4,v,6412,3185,6420,3216,31,
5 :: Transitions,logMAR @ 40cm,0.4,v,6485,3335,6494,3366,31,
5 :: Transitions,logMAR @ 40cm,0.4,T,6465,3246,6465,3290,44,
5 :: Transitions,logMAR @ 40cm,0.4,V,4976,3325,4990,3371,46,
5 :: Transitions,logMAR @ 40cm,0.4,T,4344,3176,4344,3221,45,
5 :: Transitions,logMAR @ 40cm,0.3,w,4498,3582,4504,3605,23,
5 :: Transitions,logMAR @ 40cm,0.3,v,5285,3581,5291,3604,23,
5 :: Transitions,logMAR @ 40cm,0.3,w,5090,3762,5097,3784,22,
5 :: Transitions,logMAR @ 40cm,0.3,L,5660,3570,5674,3604,34,
5 :: Transitions,logMAR @ 40cm,0.3,E,5700,3569,5700,3603,34,
5 :: Transitions,logMAR @ 40cm,0.3,I,5985,3628,5985,3662,34,
5 :: Transitions,logMAR @ 40cm,0.2,v,4925,4010,4929,4029,19,
5 :: Transitions,logMAR @ 40cm,0.2,x,5176,4060,5176,4079,19,
5 :: Transitions,logMAR @ 40cm,0.2,v,6383,4056,6388,4076,20,
5 :: Transitions,logMAR @ 40cm,0.2,X,6072,3948,6072,3976,28,
5 :: Transitions,logMAR @ 40cm,0.2,T,6109,3948,6109,3976,28,
5 :: Transitions,logMAR @ 40cm,0.2,V,5926,4099,5935,4127,28,
6 :: Magnifiers Australia,N size,96,w,732,2227,609,2598,371,
6 :: Magnifiers Australia,N size,96,N,336,455,343,986,531,
6 :: Magnifiers Australia,N size,48,v,2883,3911,2917,4097,186,
6 :: Magnifiers Australia,N size,48,w,2331,4710,2301,4896,186,
6 :: Magnifiers Australia,N size,48,w,3534,4712,3558,4898,186,
6 :: Magnifiers Australia,N size,40,w,2584,6110,2687,6265,155,
6 :: Magnifiers Australia,N size,40,M,2784,5373,2833,5595,222,
6 :: Magnifiers Australia,N size,32,v,9009,726,9023,850,124,
6 :: Magnifiers Australia,N size,32,w,6742,1261,6725,1386,125,
6 :: Magnifiers Australia,N size,32,M,6625,671,6649,849,178,
6 :: Magnifiers Australia,N size,24,w,8374,1736,8343,1829,93,
6 :: Magnifiers Australia,N size,24,w,8860,1734,8836,1827,93,
6 :: Magnifiers Australia,N size,24,w,8537,2737,8505,2829,92,
6 :: Magnifiers Australia,N size,24,T,7893,1694,7893,1827,133,
6 :: Magnifiers Australia,N size,24,I,6472,2696,6472,2829,133,
6 :: Magnifiers Australia,N size,24,E,5260,1696,5200,1830,134,
6 :: Magnifiers Australia,N size,16,w,7876,3650,7898,3712,62,
6 :: Magnifiers Australia,N size,16,w,7274,3784,7256,3846,62,
6 :: Magnifiers Australia,N size,16,w,5553,3653,5568,3715,62,
6 :: Magnifiers Australia,N size,16,F,7005,4023,7005,4112,89,
6 :: Magnifiers Australia,N size,16,T,7969,3489,7988,3578,89,
6 :: Magnifiers Australia,N size,12,w,7310,5076,7323,5122,46,
6 :: Magnifiers Australia,N size,12,w,7383,4675,7395,4721,46,
6 :: Magnifiers Australia,N size,12,w,5246,5077,5231,5123,46,
6 :: Magnifiers Australia,N size,12,I,6245,4756,6245,4823,67,
6 :: Magnifiers Australia,N size,12,W,6635,4955,6613,5023,68,
6 :: Magnifiers Australia,N size,8,w,5204,6115,5211,6145,30,
6 :: Magnifiers Australia,N size,8,w,5419,5916,5424,5947,31,
6 :: Magnifiers Australia,N size,8,v,5892,5851,5881,5881,30,
6 :: Magnifiers Australia,N size,8,A,6054,5903,6038,5948,45,
6 :: Magnifiers Australia,N size,8,T,6224,5835,6211,5881,46,
6 :: Magnifiers Australia,N size,8,T,6224,6036,6222,6081,45,
6 :: Magnifiers Australia,N size,5,w,6596,6372,6601,6394,22,
6 :: Magnifiers Australia,N size,5,w,6281,6523,6287,6545,22,
6 :: Magnifiers Australia,N size,5,w,5762,6424,5769,6447,23,
6 :: Magnifiers Australia,N size,5,L,6462,6361,6475,6395,34,
6 :: Magnifiers Australia,N size,5,T,6580,6411,6582,6445,34,
7 :: Good-Lite,logMAR @ 40cm,0.7,w,5591,3602,5609,3674,72,
7 :: Good-Lite,logMAR @ 40cm,0.7,w,6184,3747,6212,3820,73,
7 :: Good-Lite,logMAR @ 40cm,0.7,z,7018,3605,7035,3675,70,
7 :: Good-Lite,logMAR @ 40cm,0.7,I,5489,3567,5488,3672,105,
7 :: Good-Lite,logMAR @ 40cm,0.7,I,5450,3711,5486,3816,105,
7 :: Good-Lite,logMAR @ 40cm,0.7,I,6949,3716,6955,3820,104,
7 :: Good-Lite,logMAR @ 40cm,0.6,w,6555,4036,6538,4094,58,
7 :: Good-Lite,logMAR @ 40cm,0.6,w,8038,4041,8023,4098,57,
7 :: Good-Lite,logMAR @ 40cm,0.6,w,8950,4043,8932,4100,57,
7 :: Good-Lite,logMAR @ 40cm,0.6,I,8826,4017,8809,4099,82,
7 :: Good-Lite,logMAR @ 40cm,0.6,I,5452,4007,5469,4089,82,
7 :: Good-Lite,logMAR @ 40cm,0.5,w,6670,4421,6708,4467,46,
7 :: Good-Lite,logMAR @ 40cm,0.5,w,8727,4428,8714,4474,46,
7 :: Good-Lite,logMAR @ 40cm,0.5,w,9115,4429,9128,4475,46,
7 :: Good-Lite,logMAR @ 40cm,0.5,H,5450,4395,5456,4461,66,
7 :: Good-Lite,logMAR @ 40cm,0.5,I,6611,4400,6614,4466,66,
7 :: Good-Lite,logMAR @ 40cm,0.5,I,7949,4405,7961,4471,66,
7 :: Good-Lite,logMAR @ 40cm,0.4,w,5538,4740,5526,4777,37,
7 :: Good-Lite,logMAR @ 40cm,0.4,w,8522,4754,8530,4790,36,
7 :: Good-Lite,logMAR @ 40cm,0.4,M,7849,4734,7852,4787,53,
7 :: Good-Lite,logMAR @ 40cm,0.4,I,7085,4731,7091,4784,53,
7 :: Good-Lite,logMAR @ 40cm,0.4,F,6659,4729,6655,4782,53,
7 :: Good-Lite,logMAR @ 40cm,0.3,w,5581,4986,5575,5016,30,
7 :: Good-Lite,logMAR @ 40cm,0.3,w,6515,4991,6506,5020,29,
7 :: Good-Lite,logMAR @ 40cm,0.3,w,7352,4995,7344,5024,29,
7 :: Good-Lite,logMAR @ 40cm,0.3,I,7909,4985,7904,5027,42,
7 :: Good-Lite,logMAR @ 40cm,0.3,W,6177,4977,6185,5020,43,
7 :: Good-Lite,logMAR @ 40cm,0.3,I,6934,4980,6933,5022,42,
7 :: Good-Lite,logMAR @ 40cm,0.2,w,5493,5188,5498,5212,24,
7 :: Good-Lite,logMAR @ 40cm,0.2,v,5536,5189,5544,5213,24,
7 :: Good-Lite,logMAR @ 40cm,0.2,w,5898,5191,5905,5215,24,
7 :: Good-Lite,logMAR @ 40cm,0.2,A,6842,5186,6851,5220,34,
7 :: Good-Lite,logMAR @ 40cm,0.2,I,7253,5187,7252,5221,34,
7 :: Good-Lite,logMAR @ 40cm,0.2,I,5450,5177,5453,5212,35,
7 :: Good-Lite,logMAR @ 40cm,0.1,w,5462,5382,5468,5400,18,
7 :: Good-Lite,logMAR @ 40cm,0.1,w,5662,5384,5667,5403,19,
7 :: Good-Lite,logMAR @ 40cm,0.1,w,6501,5388,6508,5407,19,
7 :: Good-Lite,logMAR @ 40cm,0,w,5590,5577,5594,5592,15,
7 :: Good-Lite,logMAR @ 40cm,0,w,5951,5579,5954,5594,15,
7 :: Good-Lite,logMAR @ 40cm,0,w,6201,5581,6205,5596,15,
7 :: Good-Lite,logMAR @ 40cm,0,I,5441,5567,5441,5591,24,EXCLUDE: Poor quality letter but the only usable capital letter.
8.1 :: Hank Adult,N size,26,v,1897,1493,1937,1609,116,
8.1 :: Hank Adult,N size,26,v,1223,2048,1270,2163,115,
8.1 :: Hank Adult,N size,26,V,193,1181,266,1340,159,
8.1 :: Hank Adult,N size,26,W,1951,1725,1909,1884,159,
8.1 :: Hank Adult,N size,14,x,402,3151,400,3214,63,
8.1 :: Hank Adult,N size,14,w,889,3283,905,3346,63,
8.1 :: Hank Adult,N size,14,v,756,3417,777,3480,63,
8.1 :: Hank Adult,N size,14,I,1654,2989,1654,3076,87,
8.1 :: Hank Adult,N size,10,v,1687,4014,1703,4058,44,
8.1 :: Hank Adult,N size,10,v,554,4113,569,4157,44,
8.1 :: Hank Adult,N size,10,v,1641,4294,1626,4339,45,
8.1 :: Hank Adult,N size,10,A,210,3909,233,3970,61,
8.1 :: Hank Adult,N size,10,T,225,4096,208,4157,61,
8.1 :: Hank Adult,N size,10,T,544,4190,559,4251,61,
8.1 :: Hank Adult,N size,8,v,912,4786,924,4823,37,
8.1 :: Hank Adult,N size,8,v,849,4786,839,4824,38,
8.1 :: Hank Adult,N size,8,w,740,4710,731,4747,37,
8.1 :: Hank Adult,N size,8,A,205,4697,224,4747,50,
8.1 :: Hank Adult,N size,6,x,1167,5381,1164,5411,30,
8.1 :: Hank Adult,N size,6,w,679,5568,689,5597,29,
8.1 :: Hank Adult,N size,6,v,2270,5499,2259,5529,30,
8.1 :: Hank Adult,N size,6,I,1759,5428,1760,5469,41,
8.1 :: Hank Adult,N size,6,I,189,5373,189,5413,40,
8.1 :: Hank Adult,N size,6,T,195,5434,198,5474,40,
8.1 :: Hank Adult,N size,5,w,659,5901,652,5926,25,
8.1 :: Hank Adult,N size,5,v,496,6053,505,6077,24,
8.1 :: Hank Adult,N size,5,w,625,6053,618,6077,24,
8.1 :: Hank Adult,N size,5,T,1913,5937,1919,5970,33,
8.1 :: Hank Adult,N size,5,H,2204,5986,2204,6020,34,
8.1 :: Hank Adult,N size,5,I,2523,5885,2523,5918,33,
8.1 :: Hank Adult,N size,4,x,939,6375,939,6394,19,
8.1 :: Hank Adult,N size,4,v,1228,6373,1234,6393,20,
8.1 :: Hank Adult,N size,4,v,1331,6373,1338,6392,19,
8.1 :: Hank Adult,N size,4,I,1405,6447,1405,6474,27,
8.2 :: Hank Children,N size,26,w,1684,1664,1704,1780,116,
8.2 :: Hank Children,N size,26,I,235,1929,234,2087,158,
8.2 :: Hank Children,N size,14,x,687,2662,682,2726,64,
8.2 :: Hank Children,N size,14,v,1384,2657,1357,2721,64,
8.2 :: Hank Children,N size,14,w,1621,2654,1839,2717,63,
8.2 :: Hank Children,N size,14,I,829,2637,830,2725,88,
8.2 :: Hank Children,N size,14,W,310,3038,289,3126,88,
8.2 :: Hank Children,N size,14,K,1646,2498,1647,2585,87,
8.2 :: Hank Children,N size,12,v,592,3532,569,3584,52,
8.2 :: Hank Children,N size,12,v,2020,3523,2040,3575,52,
8.2 :: Hank Children,N size,12,w,1943,3633,1955,3686,53,
8.2 :: Hank Children,N size,12,I,1865,3504,1863,3577,73,
8.2 :: Hank Children,N size,12,I,1231,3618,1233,3691,73,
8.2 :: Hank Children,N size,12,T,240,3844,240,3916,72,
8.2 :: Hank Children,N size,10,w,621,4470,635,4515,45,
8.2 :: Hank Children,N size,10,w,808,4469,820,4514,45,
8.2 :: Hank Children,N size,10,w,1870,4555,1884,4600,45,
8.2 :: Hank Children,N size,10,I,222,4454,222,4516,62,
8.2 :: Hank Children,N size,10,N,222,4548,222,4610,62,
8.2 :: Hank Children,N size,10,W,401,4641,415,4703,62,
8.2 :: Hank Children,N size,6,w,449,5386,456,5416,30,
8.2 :: Hank Children,N size,6,v,483,5447,493,5477,30,
8.2 :: Hank Children,N size,6,v,249,5571,259,5601,30,
8.2 :: Hank Children,N size,6,T,222,5376,229,5417,41,
8.2 :: Hank Children,N size,6,T,969,5496,972,5537,41,
8.2 :: Hank Children,N size,6,W,2166,5427,2150,5468,41,
8.2 :: Hank Children,N size,5,z,1024,5925,1024,5949,24,
8.2 :: Hank Children,N size,5,w,2013,6019,2019,6044,25,
8.2 :: Hank Children,N size,5,v,2058,6019,2067,6044,25,
8.2 :: Hank Children,N size,5,H,1964,6010,1964,6044,34,
8.2 :: Hank Children,N size,5,F,1990,5910,1987,5943,33,
8.2 :: Hank Children,N size,5,V,216,5919,229,5953,34,
8.2 :: Hank Children,N size,4,v,566,6425,573,6445,20,
8.2 :: Hank Children,N size,4,v,574,6467,580,6487,20,
8.2 :: Hank Children,N size,4,v,757,6425,764,6445,20,
8.2 :: Hank Children,N size,4,I,220,6419,220,6446,27,
8.2 :: Hank Children,N size,4,A,737,6500,727,6528,28,
8.2 :: Hank Children,N size,4,A,1620,6453,1632,6481,28,
9 :: Optimed,N size,36,x,1528,574,1564,709,135,
9 :: Optimed,N size,36,T,1172,511,1155,710,199,
9 :: Optimed,N size,36,T,3118,510,3068,709,199,
9 :: Optimed,N size,36,E,3304,509,3303,708,199,
9 :: Optimed,N size,24,v,2610,1085,2639,1178,93,
9 :: Optimed,N size,24,I,1280,1044,1263,1177,133,
9 :: Optimed,N size,24,L,1616,1043,1560,1177,134,
9 :: Optimed,N size,24,Y,1946,1043,1932,1176,133,
9 :: Optimed,N size,18,v,3001,1723,2967,1793,70,
9 :: Optimed,N size,18,L,1113,1519,1127,1618,99,
9 :: Optimed,N size,18,E,1531,1518,1545,1618,100,
9 :: Optimed,N size,14,w,3183,2092,3193,2146,54,
9 :: Optimed,N size,14,w,1867,2398,1856,2452,54,
9 :: Optimed,N size,14,I,3029,2208,3025,2286,78,
9 :: Optimed,N size,14,T,3073,2208,3079,2286,78,
9 :: Optimed,N size,14,E,3424,2207,3419,2285,78,
9 :: Optimed,N size,12,v,1819,2739,1842,2786,47,
9 :: Optimed,N size,12,v,2777,2739,2794,2785,46,
9 :: Optimed,N size,12,w,3237,2738,3245,2784,46,
9 :: Optimed,N size,10,v,1209,3346,1220,3384,38,
9 :: Optimed,N size,10,z,1600,3346,1600,3384,38,
9 :: Optimed,N size,10,z,2008,3445,1989,3484,39,
9 :: Optimed,N size,10,N,1140,3328,1143,3385,57,
9 :: Optimed,N size,8,w,1324,3871,1313,3902,31,
9 :: Optimed,N size,8,v,2810,3870,2816,3901,31,
9 :: Optimed,N size,8,z,3059,3870,3061,3900,30,
9 :: Optimed,N size,8,T,1097,3858,1105,3901,43,
9 :: Optimed,N size,6,z,1566,4366,1566,4389,23,
9 :: Optimed,N size,6,v,2732,4365,2724,4388,23,
9 :: Optimed,N size,6,v,2513,4510,2505,4533,23,
9 :: Optimed,N size,6,T,1102,4355,1102,4389,34,
9 :: Optimed,N size,6,I,2088,4354,2083,4388,34,
9 :: Optimed,N size,5,z,1402,4798,1401,4817,19,
9 :: Optimed,N size,5,x,2133,4797,2132,4816,19,
9 :: Optimed,N size,5,x,3694,4794,3690,4813,19,
9 :: Optimed,N size,4,z,1333,5217,1332,5233,16,
9 :: Optimed,N size,4,w,2694,5216,2699,5231,15,
9 :: Optimed,N size,4,x,2805,5216,2796,5232,16,
10 :: Sussex Vision,N size,48,v,2330,2158,2414,2343,185,
10 :: Sussex Vision,N size,36,v,2799,946,2822,1084,138,
10 :: Sussex Vision,N size,24,w,3448,5260,3941,5353,93,
10 :: Sussex Vision,N size,24,v,2532,5494,2556,5586,92,
10 :: Sussex Vision,N size,24,w,3246,5491,3261,5583,92,
10 :: Sussex Vision,N size,18,w,2369,4529,2313,4599,70,
10 :: Sussex Vision,N size,18,v,1965,4875,1936,4945,70,
10 :: Sussex Vision,N size,18,v,2862,4873,2832,4942,69,
10 :: Sussex Vision,N size,18,W,1316,4501,1296,4604,103,
10 :: Sussex Vision,N size,18,W,3302,4494,3325,4596,102,
10 :: Sussex Vision,N size,14,w,1899,3914,1913,3968,54,
10 :: Sussex Vision,N size,14,w,1377,4050,1399,4105,55,
10 :: Sussex Vision,N size,14,v,3099,4178,3077,4232,54,
10 :: Sussex Vision,N size,14,T,2116,4022,2092,4100,78,
10 :: Sussex Vision,N size,14,T,2232,3888,2249,3965,77,
10 :: Sussex Vision,N size,14,H,1219,4026,1232,4104,78,
10 :: Sussex Vision,N size,12,v,2019,3269,2030,3316,47,
10 :: Sussex Vision,N size,12,w,3561,3492,3544,3540,48,
10 :: Sussex Vision,N size,12,v,2654,3612,2660,3659,47,
10 :: Sussex Vision,N size,12,T,1217,3251,1226,3318,67,
10 :: Sussex Vision,N size,12,A,1239,3365,1258,3433,68,
10 :: Sussex Vision,N size,12,T,1234,3481,1235,3548,67,
10 :: Sussex Vision,N size,10,w,1313,2702,1325,2741,39,
10 :: Sussex Vision,N size,10,v,1463,2702,1471,2741,39,
10 :: Sussex Vision,N size,10,x,3250,2694,3272,2732,38,
10 :: Sussex Vision,N size,10,H,1241,2684,1209,2741,57,
10 :: Sussex Vision,N size,8,w,1255,2206,1267,2238,32,
10 :: Sussex Vision,N size,8,v,1401,2206,1414,2237,31,
10 :: Sussex Vision,N size,8,w,1502,2206,1511,2237,31,
10 :: Sussex Vision,N size,8,A,2710,2186,2723,2232,46,
10 :: Sussex Vision,N size,6,w,1303,1711,1294,1734,23,
10 :: Sussex Vision,N size,6,w,2276,1765,2284,1788,23,
10 :: Sussex Vision,N size,6,v,3198,1819,3207,1842,23,
10 :: Sussex Vision,N size,6,H,1233,1701,1218,1735,34,
10 :: Sussex Vision,N size,6,T,2723,1696,2712,1729,33,
10 :: Sussex Vision,N size,6,W,1215,1874,1225,1908,34,
10 :: Sussex Vision,N size,5,w,1266,1268,1271,1287,19,
10 :: Sussex Vision,N size,5,w,1341,1267,1343,1287,20,
10 :: Sussex Vision,N size,5,v,1445,1267,1453,1287,20,
10 :: Sussex Vision,N size,5,N,1213,1259,1214,1288,29,
10 :: Sussex Vision,N size,5,H,1473,1402,1474,1431,29,
10 :: Sussex Vision,N size,5,I,2849,1254,2847,1283,29,
10 :: Sussex Vision,N size,4,z,1462,822,1462,837,15,
10 :: Sussex Vision,N size,4,v,2932,818,2937,833,15,
10 :: Sussex Vision,N size,4,v,2346,934,2349,950,16,
10 :: Sussex Vision,N size,4,T,1430,854,1435,876,22,
10 :: Sussex Vision,N size,4,T,1773,851,1766,875,24,
10 :: Sussex Vision,N size,4,N,2859,811,2861,834,23,
12 :: PolyU,M size,1.25,w,3152,3458,3163,3496,38,
12 :: PolyU,M size,1.25,v,3351,3459,3365,3497,38,
12 :: PolyU,M size,1.25,v,3615,3556,3626,3594,38,
12 :: PolyU,M size,1.25,T,2950,3439,2960,3494,55,
12 :: PolyU,M size,1.25,T,4266,3445,4282,3500,55,
12 :: PolyU,M size,1,w,3231,2958,3258,2992,34,
12 :: PolyU,M size,1,w,3754,3043,3762,3076,33,
12 :: PolyU,M size,1,w,3912,3043,3922,3077,34,
12 :: PolyU,M size,1,H,4130,2865,4136,2914,49,
12 :: PolyU,M size,0.8,w,3031,2419,3037,2445,26,
12 :: PolyU,M size,0.8,w,2985,2614,2991,2640,26,
12 :: PolyU,M size,0.8,w,3387,2616,3379,2642,26,
12 :: PolyU,M size,0.8,A,4096,2607,4084,2646,39,
12 :: PolyU,M size,0.63,w,4043,2119,4047,2138,19,
12 :: PolyU,M size,0.63,w,4063,2168,4080,2187,19,
12 :: PolyU,M size,0.63,w,4146,2168,4152,2187,19,
12 :: PolyU,M size,0.63,H,3932,2061,3951,2090,29,
12 :: PolyU,M size,0.63,A,4227,2208,4216,2236,28,
12 :: PolyU,M size,0.5,w,3285,1800,3290,1814,14,
12 :: PolyU,M size,0.5,w,3797,1839,3801,1853,14,
12 :: PolyU,M size,0.5,w,4107,1804,4110,1818,14,
12 :: PolyU,M size,0.5,H,3527,1902,3528,1925,23,
12 :: PolyU,M size,0.4,w,3404,1562,3407,1574,12,
12 :: PolyU,M size,0.4,w,3856,1628,3859,1640,12,
12 :: PolyU,M size,0.4,w,3805,1628,3808,1640,12,
12 :: PolyU,M size,0.4,H,3296,1555,3296,1574,19,
12 :: PolyU,M size,0.4,T,3490,1683,3493,1702,19,
12 :: PolyU,M size,0.4,H,3395,1587,3395,1606,19,
13 :: HKSPO,M size,1.25,w,3396,3456,5584,3494,38,
13 :: HKSPO,M size,1.25,w,5526,3355,5535,3395,40,
13 :: HKSPO,M size,1.25,v,5111,3355,5122,3394,39,
13 :: HKSPO,M size,1.25,H,5868,3338,5866,3394,56,
13 :: HKSPO,M size,1.25,K,5946,3338,5947,3394,56,
13 :: HKSPO,M size,1.25,L,4697,3438,4724,3494,56,
13 :: HKSPO,M size,1,v,4557,2946,4567,2977,31,
13 :: HKSPO,M size,1,w,4574,3029,4563,3060,31,
13 :: HKSPO,M size,1,v,5918,2863,5929,2894,31,
13 :: HKSPO,M size,1,I,5715,3015,5715,3060,45,
13 :: HKSPO,M size,1,I,5954,3015,5954,3060,45,
13 :: HKSPO,M size,1,I,5978,3015,5977,3060,45,
13 :: HKSPO,M size,0.8,v,5325,2397,5315,2422,25,
13 :: HKSPO,M size,0.8,w,4866,2464,4873,2488,24,
13 :: HKSPO,M size,0.8,v,5243,2531,5251,2556,25,
13 :: HKSPO,M size,0.8,H,4669,2319,4669,2355,36,
13 :: HKSPO,M size,0.8,K,4779,2319,4777,2355,36,
13 :: HKSPO,M size,0.8,H,4552,2453,4552,2488,35,
13 :: HKSPO,M size,0.63,w,5549,1917,5554,1937,20,
13 :: HKSPO,M size,0.63,w,5594,1965,5587,1985,20,
13 :: HKSPO,M size,0.63,w,5133,1964,5152,1985,21,
13 :: HKSPO,M size,0.63,H,5442,1859,5442,1889,30,
13 :: HKSPO,M size,0.63,A,5733,2005,5723,2034,29,
13 :: HKSPO,M size,0.5,w,4805,1609,4801,1625,16,
13 :: HKSPO,M size,0.5,w,5092,1681,5095,1697,16,
13 :: HKSPO,M size,0.5,w,5836,1682,5390,1697,15,
13 :: HKSPO,M size,0.5,H,5026,1710,5026,1733,23,
13 :: HKSPO,M size,0.4,w,4854,1379,4857,1392,13,
13 :: HKSPO,M size,0.4,w,4857,1411,4859,1424,13,
13 :: HKSPO,M size,0.4,v,4805,1443,4808,1456,13,
13 :: HKSPO,M size,0.4,H,4806,1373,4806,1393,20,
13 :: HKSPO,M size,0.4,H,4893,1405,4890,1425,20,
13 :: HKSPO,M size,0.4,T,5003,1500,5003,1520,20,
14 :: Evans Instruments,N size,12,v,4099,3698,4082,3749,51,
14 :: Evans Instruments,N size,12,v,5105,3686,5092,3737,51,
14 :: Evans Instruments,N size,12,w,5555,3682,5569,3732,50,
14 :: Evans Instruments,N size,10,v,5010,3115,4996,3154,39,
14 :: Evans Instruments,N size,10,z,5344,3112,5352,3150,38,
14 :: Evans Instruments,N size,10,z,5946,3270,5946,3308,38,
14 :: Evans Instruments,N size,10,N,4883,3099,4888,3156,57,
14 :: Evans Instruments,N size,8,v,3944,3152,3933,3186,34,
14 :: Evans Instruments,N size,8,z,4219,3149,4213,3183,34,
14 :: Evans Instruments,N size,8,w,3399,3084,3408,3119,35,
14 :: Evans Instruments,N size,8,T,3203,3072,3198,3122,50,
14 :: Evans Instruments,N size,6,z,5430,2630,5428,2657,27,
14 :: Evans Instruments,N size,6,v,5540,2687,5548,2714,27,
14 :: Evans Instruments,N size,6,v,5515,2861,5522,2888,27,
14 :: Evans Instruments,N size,6,I,6012,2610,6012,2649,39,
14 :: Evans Instruments,N size,6,T,4881,2623,4888,2662,39,
14 :: Evans Instruments,N size,5,z,3564,2645,3561,2670,25,
14 :: Evans Instruments,N size,5,x,3306,2698,3306,2724,26,
14 :: Evans Instruments,N size,5,w,3542,2843,3534,2869,26,
15 :: Howell,N size,7,w,2596,867,2602,893,26,
15 :: Howell,N size,7,v,2634,1028,2370,1054,26,
15 :: Howell,N size,7,w,3738,1040,3744,1065,25,
15 :: Howell,N size,7,T,4477,980,4484,1019,39,
15 :: Howell,N size,7,H,3533,972,3535,1011,39,
15 :: Howell,N size,7,H,2788,911,2789,950,39,
16 :: Takagi,Decimal @ 40cm,0.2,A,3335,1544,3290,1647,103,
16 :: Takagi,Decimal @ 40cm,0.3,w,3819,1769,3837,1816,47,
16 :: Takagi,Decimal @ 40cm,0.3,w,3550,1774,3564,1821,47,
16 :: Takagi,Decimal @ 40cm,0.4,v,3426,1067,3408,1103,36,
16 :: Takagi,Decimal @ 40cm,0.4,w,3715,1067,3729,1104,37,
16 :: Takagi,Decimal @ 40cm,0.4,v,3643,1244,3658,1280,36,
16 :: Takagi,Decimal @ 40cm,0.4,E,3363,1052,3375,1103,51,
16 :: Takagi,Decimal @ 40cm,0.5,w,3594,1366,3583,1394,28,
16 :: Takagi,Decimal @ 40cm,0.5,w,3820,1437,3830,1465,28,
16 :: Takagi,Decimal @ 40cm,0.5,w,3707,1436,3697,1465,29,
16 :: Takagi,Decimal @ 40cm,0.5,T,3379,1353,3391,1395,42,
16 :: Takagi,Decimal @ 40cm,0.5,H,4034,1354,4034,1396,42,
16 :: Takagi,Decimal @ 40cm,0.6,H,3504,1602,3482,1638,36,
16 :: Takagi,Decimal @ 40cm,1,w,3731,2033,3736,2048,15,
16 :: Takagi,Decimal @ 40cm,1,w,3628,2073,3634,2088,15,
16 :: Takagi,Decimal @ 40cm,1,w,3724,2073,3718,2088,15,
17 :: Shamir,M size,4,I,3025,1236,3033,1418,182,
17 :: Shamir,M size,4,L,4110,1235,4188,1417,182,
17 :: Shamir,M size,2,w,4581,1954,4559,2026,72,
17 :: Shamir,M size,2,w,3226,2099,3247,2171,72,
17 :: Shamir,M size,2,A,3512,1796,3476,1888,92,
17 :: Shamir,M size,2,W,3748,1795,3777,1886,91,
17 :: Shamir,M size,2,T,4098,1794,4094,1885,91,
17 :: Shamir,M size,1.25,v,3390,2616,3371,2660,44,
17 :: Shamir,M size,1.25,v,3859,2614,3845,2658,44,
17 :: Shamir,M size,1.25,w,4329,2713,4288,2757,44,
17 :: Shamir,M size,1.25,A,3316,2504,3293,2560,56,
17 :: Shamir,M size,1,w,2995,3251,3005,3287,36,
17 :: Shamir,M size,1,A,3010,3166,3027,3212,46,
17 :: Shamir,M size,1,I,3351,3166,3349,3213,47,
17 :: Shamir,M size,1,T,3429,3167,3415,3213,46,
17 :: Shamir,M size,0.8,v,3096,3661,3084,3688,27,
17 :: Shamir,M size,0.8,v,4003,3658,4012,3686,28,
17 :: Shamir,M size,0.8,x,3965,3725,3964,3753,28,
17 :: Shamir,M size,0.8,A,4104,3583,4117,3619,36,
17 :: Shamir,M size,0.8,W,2992,3585,3206,3621,36,
17 :: Shamir,M size,0.63,v,3867,4041,3859,4064,23,
17 :: Shamir,M size,0.63,v,3819,4091,3811,4115,24,
17 :: Shamir,M size,0.63,z,3914,4141,3914,4164,23,
17 :: Shamir,M size,0.63,E,3171,4036,3171,4066,30,
17 :: Shamir,M size,0.63,T,3392,4036,3385,4066,30,
17 :: Shamir,M size,0.63,I,3663,4035,3663,4064,29,
17 :: Shamir,M size,0.5,v,3361,4485,3355,4503,18,
17 :: Shamir,M size,0.5,v,3479,4552,3473,4570,18,
17 :: Shamir,M size,0.5,w,3677,4517,3681,4535,18,
11 :: Hoya,N size,20,w,3758,1584,3783,1667,83,
11 :: Hoya,N size,20,v,4163,1781,4192,1864,83,
11 :: Hoya,N size,20,A,3667,1556,3629,1668,112,
11 :: Hoya,N size,15,w,3918,2446,3935,2508,62,
11 :: Hoya,N size,15,w,5600,2283,5582,2346,63,
11 :: Hoya,N size,15,w,5436,2435,5453,2497,62,
11 :: Hoya,N size,10,w,4290,3116,4301,3158,42,
11 :: Hoya,N size,10,W,4070,3103,4084,3160,57,
11 :: Hoya,N size,8,w,3868,3510,3860,3543,33,
11 :: Hoya,N size,8,z,3939,3669,3934,3703,34,
11 :: Hoya,N size,8,v,5576,3577,5587,3610,33,
11 :: Hoya,N size,8,Y,5771,3563,5786,3608,45,
11 :: Hoya,N size,8,A,6074,3482,6058,3526,44,
11 :: Hoya,N size,6,w,3881,3931,3888,3957,26,
11 :: Hoya,N size,6,w,3784,3992,3791,4017,25,
11 :: Hoya,N size,6,v,4426,4047,4434,4072,25,
11 :: Hoya,N size,6,H,3633,3925,3634,3959,34,
11 :: Hoya,N size,6,Y,3691,3924,3701,3958,34,
11 :: Hoya,N size,6,A,3725,3924,3713,3958,34,
11 :: Hoya,N size,5,v,4298,4283,4305,4304,21,
11 :: Hoya,N size,5,v,4780,4330,4788,4350,20,
11 :: Hoya,N size,5,w,5151,4327,5157,4348,21,
11 :: Hoya,N size,5,H,3724,4381,3724,4408,27,
11 :: Hoya,N size,5,Y,3771,4380,3781,4408,28,
11 :: Hoya,N size,5,A,3800,4380,3792,4408,28,
18 :: personalEYES,N size,36,T,1260,1056,1266,1254,198,
18 :: personalEYES,N size,36,T,3122,1072,3120,1270,198,
18 :: personalEYES,N size,36,E,3352,1074,3352,1272,198,
18 :: personalEYES,N size,36,x,1627,1121,1632,1257,136,
18 :: personalEYES,N size,24,I,1304,1591,1304,1727,136,
18 :: personalEYES,N size,24,L,1647,1594,1647,1729,135,
18 :: personalEYES,N size,24,Y,1981,1596,1980,1732,136,
18 :: personalEYES,N size,24,v,2665,1645,2684,1739,94,
18 :: personalEYES,N size,18,L,1172,2070,1171,2171,101,
18 :: personalEYES,N size,18,A,1292,2069,1315,2172,103,
18 :: personalEYES,N size,18,E,1622,2073,1618,2174,101,
18 :: personalEYES,N size,18,v,3006,2292,3020,2362,70,
18 :: personalEYES,N size,14,L,3390,2782,3401,2861,79,
18 :: personalEYES,N size,14,E,3485,2783,3480,2861,78,
18 :: personalEYES,N size,14,T,3541,2784,3538,2862,78,
18 :: personalEYES,N size,14,w,1931,2958,1937,3012,54,
18 :: personalEYES,N size,12,v,1884,3301,1893,3347,46,
18 :: personalEYES,N size,12,v,2865,3309,2850,3355,46,
18 :: personalEYES,N size,12,w,3289,3313,3304,3359,46,
18 :: personalEYES,N size,10,N,1191,3887,1194,3944,57,
18 :: personalEYES,N size,10,v,1283,3905,1271,3943,38,
18 :: personalEYES,N size,10,z,1660,3908,1657,3947,39,
18 :: personalEYES,N size,10,x,1967,3910,1968,3949,39,
18 :: personalEYES,N size,8,T,1159,4416,1162,4462,46,
18 :: personalEYES,N size,8,w,2257,4624,2284,4654,30,
18 :: personalEYES,N size,8,v,2385,4625,2371,4655,30,
18 :: personalEYES,N size,8,w,2803,4627,2798,4657,30,
18 :: personalEYES,N size,6,T,1148,4918,1161,4954,36,
18 :: personalEYES,N size,6,I,2142,4924,2141,4959,35,
18 :: personalEYES,N size,6,z,1625,4931,1624,4956,25,
18 :: personalEYES,N size,6,v,2778,4938,2785,4962,24,
18 :: personalEYES,N size,6,v,2558,5082,2565,5107,25,
18 :: personalEYES,N size,5,w,2337,5515,2330,5535,20,
18 :: personalEYES,N size,5,v,2459,5515,2463,5536,21,
18 :: personalEYES,N size,5,x,3769,5382,3770,5403,21,
18 :: personalEYES,N size,4,z,1397,5792,1397,5808,16,
18 :: personalEYES,N size,4,x,2860,5800,2858,5817,17,
18 :: personalEYES,N size,4,w,2478,5799,2751,5814,15,
20 :: New sans serif chart,logMAR @ 40cm,1.3,x,1290,4557,1287,4831,274,
20 :: New sans serif chart,logMAR @ 40cm,1.3,x,1543,4555,1541,4829,274,
20 :: New sans serif chart,logMAR @ 40cm,1.3,x,1796,4553,1791,4827,274,
20 :: New sans serif chart,logMAR @ 40cm,1.2,x,1523,3959,1521,4177,218,
20 :: New sans serif chart,logMAR @ 40cm,1.2,x,1729,3958,1729,4175,217,
20 :: New sans serif chart,logMAR @ 40cm,1.2,x,1796,3957,1791,4175,218,
20 :: New sans serif chart,logMAR @ 40cm,1.1,x,1943,3482,1941,3656,174,
20 :: New sans serif chart,logMAR @ 40cm,1.1,x,1888,3483,1887,3656,173,
20 :: New sans serif chart,logMAR @ 40cm,1.1,x,1721,3484,1720,3657,173,
20 :: New sans serif chart,logMAR @ 40cm,1,x,1876,3106,1876,3244,138,
20 :: New sans serif chart,logMAR @ 40cm,1,x,2009,3105,2007,3243,138,
20 :: New sans serif chart,logMAR @ 40cm,1,x,2144,3104,2142,3242,138,
20 :: New sans serif chart,logMAR @ 40cm,0.9,x,2005,2807,2002,2916,109,
20 :: New sans serif chart,logMAR @ 40cm,0.9,x,2106,2806,2105,2915,109,
20 :: New sans serif chart,logMAR @ 40cm,0.9,x,2214,2805,2211,2914,109,
20 :: New sans serif chart,logMAR @ 40cm,0.8,x,2101,2569,2103,2656,87,
20 :: New sans serif chart,logMAR @ 40cm,0.8,x,2186,2568,2184,2655,87,
20 :: New sans serif chart,logMAR @ 40cm,0.8,x,2712,2564,2708,2651,87,
20 :: New sans serif chart,logMAR @ 40cm,0.7,x,2180,2379,2180,2448,69,
20 :: New sans serif chart,logMAR @ 40cm,0.7,x,2247,2378,2247,2448,70,
20 :: New sans serif chart,logMAR @ 40cm,0.7,x,2710,2374,2709,2444,70,
20 :: New sans serif chart,logMAR @ 40cm,0.6,x,2210,2229,2210,2284,55,
20 :: New sans serif chart,logMAR @ 40cm,0.6,x,2263,2228,2261,2284,56,
20 :: New sans serif chart,logMAR @ 40cm,0.6,x,2349,2227,2348,2283,56,
20 :: New sans serif chart,logMAR @ 40cm,0.5,x,2294,2109,2294,2153,44,
20 :: New sans serif chart,logMAR @ 40cm,0.5,x,2337,2108,2333,2152,44,
20 :: New sans serif chart,logMAR @ 40cm,0.5,x,2626,2106,2626,2150,44,
20 :: New sans serif chart,logMAR @ 40cm,0.4,x,2665,2011,2644,2046,35,
20 :: New sans serif chart,logMAR @ 40cm,0.4,x,2334,2014,2333,2049,35,
20 :: New sans serif chart,logMAR @ 40cm,0.4,x,2367,2014,2368,2049,35,
20 :: New sans serif chart,logMAR @ 40cm,0.3,x,2391,1938,2390,1966,28,
20 :: New sans serif chart,logMAR @ 40cm,0.3,x,2418,1938,2418,1966,28,
20 :: New sans serif chart,logMAR @ 40cm,0.3,x,2560,1937,2560,1965,28,
20 :: New sans serif chart,logMAR @ 40cm,0.2,x,2587,1877,2587,1899,22,
20 :: New sans serif chart,logMAR @ 40cm,0.2,x,2559,1877,2558,1900,23,
20 :: New sans serif chart,logMAR @ 40cm,0.2,x,2377,1879,2377,1901,22,
20 :: New sans serif chart,logMAR @ 40cm,0.1,x,2401,1831,2400,1849,18,
20 :: New sans serif chart,logMAR @ 40cm,0.1,x,2418,1831,2417,1849,18,
20 :: New sans serif chart,logMAR @ 40cm,0.1,x,2576,1830,2576,1847,17,
20 :: New sans serif chart,logMAR @ 40cm,0,x,2551,1793,2551,1806,13,
20 :: New sans serif chart,logMAR @ 40cm,0,x,2524,1793,2524,1806,13,
20 :: New sans serif chart,logMAR @ 40cm,0,x,2440,1793,2439,1807,14,
20 :: New sans serif chart,logMAR @ 40cm,-0.1,x,2427,1763,2427,1775,12,
20 :: New sans serif chart,logMAR @ 40cm,-0.1,x,2523,1762,2523,1774,12,
20 :: New sans serif chart,logMAR @ 40cm,-0.1,x,2551,1762,2551,1774,12,
20 :: New sans serif chart,logMAR @ 40cm,-0.2,x,2538,1738,2538,1748,10,
20 :: New sans serif chart,logMAR @ 40cm,-0.2,x,2516,1738,2516,1748,10,
20 :: New sans serif chart,logMAR @ 40cm,-0.2,x,2461,1739,2461,1748,9,
20 :: New sans serif chart,logMAR @ 40cm,-0.3,x,2494,1327,2494,1334,7,
20 :: New sans serif chart,logMAR @ 40cm,-0.3,x,2503,1327,2502,1334,7,
20 :: New sans serif chart,logMAR @ 40cm,-0.3,x,2548,1327,2547,1334,7,
19 :: New serif chart,logMAR @ 40cm,1.3,x,1124,5180,1130,5453,273,
19 :: New serif chart,logMAR @ 40cm,1.3,x,1428,5179,1427,5453,274,
19 :: New serif chart,logMAR @ 40cm,1.3,x,1737,5179,1740,5452,273,
19 :: New serif chart,logMAR @ 40cm,1.2,x,1396,4477,1391,4694,217,
19 :: New serif chart,logMAR @ 40cm,1.2,x,1518,4477,1512,4694,217,
19 :: New serif chart,logMAR @ 40cm,1.2,x,1889,4476,1891,4693,217,
19 :: New serif chart,logMAR @ 40cm,1.1,x,1638,3919,1642,4092,173,
19 :: New serif chart,logMAR @ 40cm,1.1,x,1831,3919,1834,4092,173,
19 :: New serif chart,logMAR @ 40cm,1.1,x,1905,3919,1901,4092,173,
19 :: New serif chart,logMAR @ 40cm,1,x,1806,3476,1805,3613,137,
19 :: New serif chart,logMAR @ 40cm,1,x,1970,3475,1965,3613,138,
19 :: New serif chart,logMAR @ 40cm,1,x,2023,3475,2020,3613,138,
19 :: New serif chart,logMAR @ 40cm,0.9,x,1883,3124,1876,3233,109,
19 :: New serif chart,logMAR @ 40cm,0.9,x,2075,3123,2075,3232,109,
19 :: New serif chart,logMAR @ 40cm,0.9,x,2197,3123,2202,3232,109,
19 :: New serif chart,logMAR @ 40cm,0.8,x,2207,2844,2206,2930,86,
19 :: New serif chart,logMAR @ 40cm,0.8,x,2107,2844,2106,2930,86,
19 :: New serif chart,logMAR @ 40cm,0.8,x,2004,2844,1998,2931,87,
19 :: New serif chart,logMAR @ 40cm,0.7,x,2105,2621,2103,2690,69,
19 :: New serif chart,logMAR @ 40cm,0.7,x,2225,2621,2229,2690,69,
19 :: New serif chart,logMAR @ 40cm,0.7,x,2300,2621,2297,2689,68,
19 :: New serif chart,logMAR @ 40cm,0.6,x,2336,2445,2335,2500,55,
19 :: New serif chart,logMAR @ 40cm,0.6,x,2274,2445,2275,2500,55,
19 :: New serif chart,logMAR @ 40cm,0.6,x,2184,2445,2181,2500,55,
19 :: New serif chart,logMAR @ 40cm,0.5,x,2368,2304,2368,2348,44,
19 :: New serif chart,logMAR @ 40cm,0.5,x,2319,2304,2319,2348,44,
19 :: New serif chart,logMAR @ 40cm,0.5,x,2611,2304,2608,2348,44,
19 :: New serif chart,logMAR @ 40cm,0.4,x,2680,2193,2679,2227,34,
19 :: New serif chart,logMAR @ 40cm,0.4,x,2640,2193,2639,2227,34,
19 :: New serif chart,logMAR @ 40cm,0.4,x,2334,2193,2333,2228,35,
19 :: New serif chart,logMAR @ 40cm,0.3,x,2335,2105,2334,2132,27,
19 :: New serif chart,logMAR @ 40cm,0.3,x,2566,2104,2563,2132,28,
19 :: New serif chart,logMAR @ 40cm,0.3,x,2642,2104,2641,2132,28,
19 :: New serif chart,logMAR @ 40cm,0.2,x,2609,2034,2608,2056,22,
19 :: New serif chart,logMAR @ 40cm,0.2,x,2573,2034,2573,2056,22,
19 :: New serif chart,logMAR @ 40cm,0.2,x,2550,2034,2548,2056,22,
19 :: New serif chart,logMAR @ 40cm,0.1,x,2584,1978,2585,1996,18,
19 :: New serif chart,logMAR @ 40cm,0.1,x,2565,1978,2565,1996,18,
19 :: New serif chart,logMAR @ 40cm,0.1,x,2403,1979,2403,1996,17,
19 :: New serif chart,logMAR @ 40cm,0,x,2414,1934,2413,1948,14,
19 :: New serif chart,logMAR @ 40cm,0,x,2435,1934,2435,1948,14,
19 :: New serif chart,logMAR @ 40cm,0,x,2544,1933,2543,1948,15,
19 :: New serif chart,logMAR @ 40cm,-0.1,x,2547,1898,2547,1910,12,
19 :: New serif chart,logMAR @ 40cm,-0.1,x,2559,1898,2559,1910,12,
19 :: New serif chart,logMAR @ 40cm,-0.1,x,2432,1898,2431,1910,12,
19 :: New serif chart,logMAR @ 40cm,-0.2,x,2423,1858,2425,1868,10,
19 :: New serif chart,logMAR @ 40cm,-0.2,x,2536,1858,2536,1867,9,
19 :: New serif chart,logMAR @ 40cm,-0.2,x,2558,1858,2558,1867,9,
19 :: New serif chart,logMAR @ 40cm,-0.3,x,2478,1361,2478,1368,7,
19 :: New serif chart,logMAR @ 40cm,-0.3,x,2486,1360,2487,1368,8,
19 :: New serif chart,logMAR @ 40cm,-0.3,x,2586,1360,2586,1367,7,
